127.0.0.1||{"title": "Shopping book"}
127.0.0.1||{"title": "cook book"}
127.0.0.1||{"title": "testing cook book"}
127.0.0.1||{"title": "Shopping book"}
127.0.0.1||{"title": "cook book"}
127.0.0.1||{"title": "testing cook book"}
127.0.0.1||{"title": "Shopping book"}
127.0.0.1||{"title": "cook book"}
127.0.0.1||{"title": "testing cook book"}
127.0.0.1||{"title": "Shopping book"}
127.0.0.1||{"title": "cook book"}
127.0.0.1||{"title": "testing cook book"}
127.0.0.1||{"title": "Shopping book"}
127.0.0.1||{"title": "cook book"}
127.0.0.1||{"title": "testing cook book"}
127.0.0.1||{"title": "Shopping book"}
127.0.0.1||{"title": "cook book"}
127.0.0.1||{"title": "testing cook book"}