VAR,col
ATCHMNT_IND_#,0
ATCHMNT_IND_6,1
ATCHMNT_IND_B,2
ATCHMNT_IND_C,3
ATCHMNT_IND_G,4
ATCHMNT_IND_GY,5
ATCHMNT_IND_Y,6
ATCHMNT_IND_YY,7
BILLG_TXNMY_CD_101YM0800X,8
BILLG_TXNMY_CD_103K00000X,9
BILLG_TXNMY_CD_111N00000X,10
BILLG_TXNMY_CD_193200000X,11
BILLG_TXNMY_CD_193400000X,12
BILLG_TXNMY_CD_207L00000X,13
BILLG_TXNMY_CD_207N00000X,14
BILLG_TXNMY_CD_207P00000X,15
BILLG_TXNMY_CD_207Q00000X,16
BILLG_TXNMY_CD_207R00000X,17
BILLG_TXNMY_CD_207RC0000X,18
BILLG_TXNMY_CD_207RG0100X,19
BILLG_TXNMY_CD_207RH0003X,20
BILLG_TXNMY_CD_207V00000X,21
BILLG_TXNMY_CD_207W00000X,22
BILLG_TXNMY_CD_207X00000X,23
BILLG_TXNMY_CD_207ZP0102X,24
BILLG_TXNMY_CD_208000000X,25
BILLG_TXNMY_CD_2084P0800X,26
BILLG_TXNMY_CD_2085R0202X,27
BILLG_TXNMY_CD_208D00000X,28
BILLG_TXNMY_CD_225100000X,29
BILLG_TXNMY_CD_251E00000X,30
BILLG_TXNMY_CD_251S00000X,31
BILLG_TXNMY_CD_261Q00000X,32
BILLG_TXNMY_CD_261QA0600X,33
BILLG_TXNMY_CD_261QA1903X,34
BILLG_TXNMY_CD_261QE0700X,35
BILLG_TXNMY_CD_261QM1300X,36
BILLG_TXNMY_CD_261QR1300X,37
BILLG_TXNMY_CD_261QU0200X,38
BILLG_TXNMY_CD_282N00000X,39
BILLG_TXNMY_CD_282NC0060X,40
BILLG_TXNMY_CD_282NC2000X,41
BILLG_TXNMY_CD_291U00000X,42
BILLG_TXNMY_CD_302R00000X,43
BILLG_TXNMY_CD_305S00000X,44
BILLG_TXNMY_CD_314000000X,45
BILLG_TXNMY_CD_324500000X,46
BILLG_TXNMY_CD_332B00000X,47
BILLG_TXNMY_CD_332BX2000X,48
BILLG_TXNMY_CD_333600000X,49
BILLG_TXNMY_CD_341600000X,50
BILLG_TXNMY_CD_3416L0300X,51
CLAIM_TYPE_INPT,52
CLAIM_TYPE_OUTPT,53
CLAIM_TYPE_PROF,54
CLAIM_TYPE_SN,55
CLM_FILE_COB_IND_16,56
CLM_FILE_COB_IND_BL,57
CLM_FILE_COB_IND_CI,58
CLM_FILE_COB_IND_HM,59
CLM_FILE_COB_IND_MA,60
CLM_FILE_COB_IND_MB,61
CLM_FILE_COB_IND_MC,62
CLM_FILE_COB_IND_ZZ,63
CLM_TYPE_CD_IA,64
CLM_TYPE_CD_IC,65
CLM_TYPE_CD_MA,66
CLM_TYPE_CD_OA,67
CLM_TYPE_CD_OC,68
CLM_TYPE_CD_PA,69
CLM_TYPE_CD_PM,70
CLM_TYPE_CD_SA,71
CLM_TYPE_CD_SC,72
ERR_CD_012,73
ERR_CD_019,74
ERR_CD_036,75
ERR_CD_038,76
ERR_CD_084,77
ERR_CD_088,78
ERR_CD_091,79
ERR_CD_092,80
ERR_CD_11,81
ERR_CD_13,82
ERR_CD_196,83
ERR_CD_19U,84
ERR_CD_204,85
ERR_CD_210,86
ERR_CD_228,87
ERR_CD_230,88
ERR_CD_263,89
ERR_CD_280,90
ERR_CD_286,91
ERR_CD_290,92
ERR_CD_293,93
ERR_CD_30B,94
ERR_CD_334,95
ERR_CD_350,96
ERR_CD_35G,97
ERR_CD_416,98
ERR_CD_451,99
ERR_CD_452,100
ERR_CD_49C,101
ERR_CD_4F,102
ERR_CD_4T,103
ERR_CD_503,104
ERR_CD_505,105
ERR_CD_507,106
ERR_CD_509,107
ERR_CD_515,108
ERR_CD_560,109
ERR_CD_569,110
ERR_CD_577,111
ERR_CD_590,112
ERR_CD_597,113
ERR_CD_5V,114
ERR_CD_5X,115
ERR_CD_610,116
ERR_CD_636,117
ERR_CD_637,118
ERR_CD_640,119
ERR_CD_643,120
ERR_CD_646,121
ERR_CD_647,122
ERR_CD_649,123
ERR_CD_675,124
ERR_CD_687,125
ERR_CD_688,126
ERR_CD_691,127
ERR_CD_6A,128
ERR_CD_6M,129
ERR_CD_6P,130
ERR_CD_6T,131
ERR_CD_7B,132
ERR_CD_7C,133
ERR_CD_7K,134
ERR_CD_811,135
ERR_CD_812,136
ERR_CD_823,137
ERR_CD_824,138
ERR_CD_825,139
ERR_CD_826,140
ERR_CD_831,141
ERR_CD_834,142
ERR_CD_84,143
ERR_CD_842,144
ERR_CD_843,145
ERR_CD_844,146
ERR_CD_847,147
ERR_CD_849,148
ERR_CD_882,149
ERR_CD_883,150
ERR_CD_896,151
ERR_CD_897,152
ERR_CD_907,153
ERR_CD_9E,154
ERR_CD_9H,155
ERR_CD_9J,156
ERR_CD_A72,157
ERR_CD_A7H,158
ERR_CD_AB8,159
ERR_CD_ACC,160
ERR_CD_ACF,161
ERR_CD_ADC,162
ERR_CD_AHN,163
ERR_CD_AIM,164
ERR_CD_ANE,165
ERR_CD_ANF,166
ERR_CD_ANL,167
ERR_CD_ANT,168
ERR_CD_APM,169
ERR_CD_ARC,170
ERR_CD_ATM,171
ERR_CD_AUR,172
ERR_CD_AUT,173
ERR_CD_BDT,174
ERR_CD_BNB,175
ERR_CD_BNI,176
ERR_CD_BNR,177
ERR_CD_C08,178
ERR_CD_C09,179
ERR_CD_C10,180
ERR_CD_C15,181
ERR_CD_C17,182
ERR_CD_C18,183
ERR_CD_C20,184
ERR_CD_C22,185
ERR_CD_C23,186
ERR_CD_C24,187
ERR_CD_C26,188
ERR_CD_C34,189
ERR_CD_C35,190
ERR_CD_C37,191
ERR_CD_C38,192
ERR_CD_C39,193
ERR_CD_C40,194
ERR_CD_C41,195
ERR_CD_C43,196
ERR_CD_C44,197
ERR_CD_C45,198
ERR_CD_C46,199
ERR_CD_C47,200
ERR_CD_C49,201
ERR_CD_C50,202
ERR_CD_C54,203
ERR_CD_C68,204
ERR_CD_CAP,205
ERR_CD_CBC,206
ERR_CD_CCD,207
ERR_CD_CLM,208
ERR_CD_CN,209
ERR_CD_COE,210
ERR_CD_CPH,211
ERR_CD_CPP,212
ERR_CD_CPY,213
ERR_CD_CQ,214
ERR_CD_CT,215
ERR_CD_CUX,216
ERR_CD_CVO,217
ERR_CD_CXD,218
ERR_CD_CXE,219
ERR_CD_CXG,220
ERR_CD_CXL,221
ERR_CD_CXP,222
ERR_CD_CXT,223
ERR_CD_CXW,224
ERR_CD_CZ,225
ERR_CD_D1,226
ERR_CD_D5,227
ERR_CD_DAT,228
ERR_CD_DC,229
ERR_CD_DF,230
ERR_CD_DI,231
ERR_CD_DIS,232
ERR_CD_DND,233
ERR_CD_DNR,234
ERR_CD_DO,235
ERR_CD_DP,236
ERR_CD_DP1,237
ERR_CD_DP2,238
ERR_CD_DPT,239
ERR_CD_DRK,240
ERR_CD_DRN,241
ERR_CD_ECM,242
ERR_CD_ED1,243
ERR_CD_EF,244
ERR_CD_EI,245
ERR_CD_EMO,246
ERR_CD_EN1,247
ERR_CD_EN4,248
ERR_CD_ER1,249
ERR_CD_ERM,250
ERR_CD_ERS,251
ERR_CD_ESB,252
ERR_CD_ESM,253
ERR_CD_ESR,254
ERR_CD_EST,255
ERR_CD_ET,256
ERR_CD_FMP,257
ERR_CD_FP,258
ERR_CD_FS,259
ERR_CD_FT1,260
ERR_CD_G17,261
ERR_CD_G24,262
ERR_CD_G31,263
ERR_CD_G43,264
ERR_CD_G46,265
ERR_CD_GBP,266
ERR_CD_GHT,267
ERR_CD_GP0,268
ERR_CD_GP1,269
ERR_CD_GPM,270
ERR_CD_GPR,271
ERR_CD_GU1,272
ERR_CD_GU4,273
ERR_CD_GW1,274
ERR_CD_HBP,275
ERR_CD_HCB,276
ERR_CD_HCC,277
ERR_CD_HCD,278
ERR_CD_HCE,279
ERR_CD_HCF,280
ERR_CD_HCG,281
ERR_CD_HCH,282
ERR_CD_HCI,283
ERR_CD_HCJ,284
ERR_CD_HCK,285
ERR_CD_HCL,286
ERR_CD_HCM,287
ERR_CD_HCN,288
ERR_CD_HCO,289
ERR_CD_HCP,290
ERR_CD_HDC,291
ERR_CD_HIB,292
ERR_CD_HIT,293
ERR_CD_HP,294
ERR_CD_HP1,295
ERR_CD_HPC,296
ERR_CD_HPD,297
ERR_CD_HRE,298
ERR_CD_HS1,299
ERR_CD_HST,300
ERR_CD_I5,301
ERR_CD_IA1,302
ERR_CD_IAF,303
ERR_CD_IBL,304
ERR_CD_IEP,305
ERR_CD_IHT,306
ERR_CD_IMH,307
ERR_CD_INN,308
ERR_CD_INT,309
ERR_CD_IPP,310
ERR_CD_ISD,311
ERR_CD_IT8,312
ERR_CD_IZP,313
ERR_CD_J08,314
ERR_CD_J38,315
ERR_CD_J39,316
ERR_CD_JA0,317
ERR_CD_JA4,318
ERR_CD_JM,319
ERR_CD_LIC,320
ERR_CD_LNM,321
ERR_CD_LNO,322
ERR_CD_LTC,323
ERR_CD_LUM,324
ERR_CD_MAN,325
ERR_CD_MAO,326
ERR_CD_MC4,327
ERR_CD_MCO,328
ERR_CD_MHC,329
ERR_CD_MIM,330
ERR_CD_MJ,331
ERR_CD_ML,332
ERR_CD_MMC,333
ERR_CD_MMM,334
ERR_CD_MMS,335
ERR_CD_MN,336
ERR_CD_MNC,337
ERR_CD_MNP,338
ERR_CD_MO,339
ERR_CD_MOD,340
ERR_CD_MR,341
ERR_CD_MT,342
ERR_CD_MTI,343
ERR_CD_MU,344
ERR_CD_MXK,345
ERR_CD_N39,346
ERR_CD_NAT,347
ERR_CD_NBP,348
ERR_CD_NCN,349
ERR_CD_NIP,350
ERR_CD_NLI,351
ERR_CD_NM,352
ERR_CD_NP,353
ERR_CD_NPP,354
ERR_CD_NPR,355
ERR_CD_NRJ,356
ERR_CD_NX1,357
ERR_CD_NX7,358
ERR_CD_OC1,359
ERR_CD_OC2,360
ERR_CD_OCP,361
ERR_CD_ONF,362
ERR_CD_ONS,363
ERR_CD_ORP,364
ERR_CD_P30,365
ERR_CD_PA,366
ERR_CD_PAJ,367
ERR_CD_PAM,368
ERR_CD_PAV,369
ERR_CD_PC,370
ERR_CD_PCD,371
ERR_CD_PCN,372
ERR_CD_PDB,373
ERR_CD_PDS,374
ERR_CD_PE6,375
ERR_CD_PHL,376
ERR_CD_PLM,377
ERR_CD_PMB,378
ERR_CD_PMM,379
ERR_CD_PR,380
ERR_CD_PSC,381
ERR_CD_PSH,382
ERR_CD_PTF,383
ERR_CD_PVE,384
ERR_CD_PVL,385
ERR_CD_PWK,386
ERR_CD_PWL,387
ERR_CD_PYP,388
ERR_CD_Q0,389
ERR_CD_Q1,390
ERR_CD_Q5,391
ERR_CD_Q7,392
ERR_CD_Q8,393
ERR_CD_QCM,394
ERR_CD_QT0,395
ERR_CD_QT1,396
ERR_CD_QT5,397
ERR_CD_QT7,398
ERR_CD_QT8,399
ERR_CD_RB1,400
ERR_CD_RB2,401
ERR_CD_REL,402
ERR_CD_RFB,403
ERR_CD_RLC,404
ERR_CD_RLI,405
ERR_CD_RM,406
ERR_CD_RNB,407
ERR_CD_RNI,408
ERR_CD_RNM,409
ERR_CD_RNO,410
ERR_CD_RP2,411
ERR_CD_RS6,412
ERR_CD_RVW,413
ERR_CD_S7,414
ERR_CD_SBS,415
ERR_CD_SCD,416
ERR_CD_SEQ,417
ERR_CD_SG,418
ERR_CD_SH,419
ERR_CD_SI,420
ERR_CD_SL,421
ERR_CD_SPS,422
ERR_CD_ST,423
ERR_CD_SUT,424
ERR_CD_SV,425
ERR_CD_T01,426
ERR_CD_TOC,427
ERR_CD_TR1,428
ERR_CD_TR2,429
ERR_CD_TR3,430
ERR_CD_TR4,431
ERR_CD_TR5,432
ERR_CD_TR6,433
ERR_CD_UM0,434
ERR_CD_UM1,435
ERR_CD_UM2,436
ERR_CD_UM5,437
ERR_CD_UM6,438
ERR_CD_UMG,439
ERR_CD_UMZ,440
ERR_CD_UO,441
ERR_CD_UZ,442
ERR_CD_VAU,443
ERR_CD_VCB,444
ERR_CD_VS,445
ERR_CD_WCS,446
ERR_CD_WGP,447
ERR_CD_WIB,448
ERR_CD_WY,449
ERR_CD_X4,450
ERR_CD_X8,451
ERR_CD_XB,452
ERR_CD_XD,453
ERR_CD_XE,454
ERR_CD_XJ,455
ERR_CD_XPR,456
ERR_CD_XZ,457
ERR_CD_Y2,458
ERR_CD_YK,459
ERR_CD_YL,460
ERR_CD_YO,461
ERR_CD_YQ,462
ERR_CD_Z4,463
ERR_CD_ZG,464
ERR_CD_ZH,465
ERR_CD_ZLC,466
ERR_CD_ZM,467
ERR_CD_ZU,468
ERR_CD_ZV,469
ERR_CD_ZZ,470
FULL_MNGMNT_BU_CD_60U1113X,471
FULL_MNGMNT_BU_CD_60U1A13X,472
FULL_MNGMNT_BU_CD_60U2113X,473
FULL_MNGMNT_BU_CD_60U2117X,474
FULL_MNGMNT_BU_CD_60U2A13X,475
FULL_MNGMNT_BU_CD_63100000,476
FULL_MNGMNT_BU_CD_63300000,477
FULL_MNGMNT_BU_CD_63500000,478
FULL_MNGMNT_BU_CD_63700000,479
FULL_MNGMNT_BU_CD_63800000,480
FULL_MNGMNT_BU_CD_63B00000,481
FULL_MNGMNT_BU_CD_63G00000,482
FULL_MNGMNT_BU_CD_63J00000,483
FULL_MNGMNT_BU_CD_63L00000,484
FULL_MNGMNT_BU_CD_63Q00000,485
FULL_MNGMNT_BU_CD_63R00000,486
FULL_MNGMNT_BU_CD_63U00000,487
FULL_MNGMNT_BU_CD_63Y00000,488
FULL_MNGMNT_BU_CD_65100000,489
FULL_MNGMNT_BU_CD_6511113X,490
FULL_MNGMNT_BU_CD_6512113X,491
FULL_MNGMNT_BU_CD_6513113X,492
FULL_MNGMNT_BU_CD_65500000,493
FULL_MNGMNT_BU_CD_65800000,494
FULL_MNGMNT_BU_CD_66100000,495
FULL_MNGMNT_BU_CD_66300000,496
FULL_MNGMNT_BU_CD_66500000,497
FULL_MNGMNT_BU_CD_66600000,498
FULL_MNGMNT_BU_CD_66700000,499
FULL_MNGMNT_BU_CD_66800000,500
FULL_MNGMNT_BU_CD_67600000,501
FULL_MNGMNT_BU_CD_67700000,502
FULL_MNGMNT_BU_CD_ABW00000,503
FULL_MNGMNT_BU_CD_BIZM117X,504
FULL_MNGMNT_BU_CD_BSZM113X,505
FULL_MNGMNT_BU_CD_CCN00000,506
FULL_MNGMNT_BU_CD_CMJ00000,507
FULL_MNGMNT_BU_CD_CPB00000,508
FULL_MNGMNT_BU_CD_CSP00000,509
FULL_MNGMNT_BU_CD_GBR00000,510
FULL_MNGMNT_BU_CD_GHG00000,511
FULL_MNGMNT_BU_CD_GIG5112X,512
FULL_MNGMNT_BU_CD_GJG00000,513
FULL_MNGMNT_BU_CD_GKG00000,514
FULL_MNGMNT_BU_CD_GLG00000,515
FULL_MNGMNT_BU_CD_GRG00000,516
FULL_MNGMNT_BU_CD_GSG5114X,517
FULL_MNGMNT_BU_CD_GSG511SX,518
FULL_MNGMNT_BU_CD_GST00000,519
FULL_MNGMNT_BU_CD_HINW112X,520
FULL_MNGMNT_BU_CD_HSGW112X,521
FULL_MNGMNT_BU_CD_ICTH112X,522
FULL_MNGMNT_BU_CD_ICTH113X,523
FULL_MNGMNT_BU_CD_INCD112X,524
FULL_MNGMNT_BU_CD_INCD1Z2X,525
FULL_MNGMNT_BU_CD_INEF117X,526
FULL_MNGMNT_BU_CD_JCZ00000,527
FULL_MNGMNT_BU_CD_KNYY112X,528
FULL_MNGMNT_BU_CD_KYO00000,529
FULL_MNGMNT_BU_CD_MEX00000,530
FULL_MNGMNT_BU_CD_MJ100000,531
FULL_MNGMNT_BU_CD_MJE00000,532
FULL_MNGMNT_BU_CD_MJO00000,533
FULL_MNGMNT_BU_CD_NAC00000,534
FULL_MNGMNT_BU_CD_NAH00000,535
FULL_MNGMNT_BU_CD_NAI00000,536
FULL_MNGMNT_BU_CD_NAM00000,537
FULL_MNGMNT_BU_CD_NAO00000,538
FULL_MNGMNT_BU_CD_NAT00000,539
FULL_MNGMNT_BU_CD_NAV00000,540
FULL_MNGMNT_BU_CD_NAW00000,541
FULL_MNGMNT_BU_CD_NCM00000,542
FULL_MNGMNT_BU_CD_NMJ00000,543
FULL_MNGMNT_BU_CD_NNC00000,544
FULL_MNGMNT_BU_CD_NRC00000,545
FULL_MNGMNT_BU_CD_NRI00000,546
FULL_MNGMNT_BU_CD_NRK00000,547
FULL_MNGMNT_BU_CD_NRM00000,548
FULL_MNGMNT_BU_CD_NRN00000,549
FULL_MNGMNT_BU_CD_NRO00000,550
FULL_MNGMNT_BU_CD_NRW00000,551
FULL_MNGMNT_BU_CD_NSI00000,552
FULL_MNGMNT_BU_CD_NSO00000,553
FULL_MNGMNT_BU_CD_NSP00000,554
FULL_MNGMNT_BU_CD_NSY00000,555
FULL_MNGMNT_BU_CD_PBE00000,556
FULL_MNGMNT_BU_CD_PBI00000,557
FULL_MNGMNT_BU_CD_PBO00000,558
FULL_MNGMNT_BU_CD_SCS00000,559
FULL_MNGMNT_BU_CD_SGC00000,560
FULL_MNGMNT_BU_CD_SGCD113X,561
FULL_MNGMNT_BU_CD_SGEF117X,562
FULL_MNGMNT_BU_CD_SGKY113X,563
FULL_MNGMNT_BU_CD_SGOO113X,564
FULL_MNGMNT_BU_CD_SGOO1Z3X,565
FULL_MNGMNT_BU_CD_SMII113X,566
FULL_MNGMNT_BU_CD_SMII1Z3X,567
FULL_MNGMNT_BU_CD_SMTH113X,568
FULL_MNGMNT_BU_CD_SMTH1Z3X,569
FULL_MNGMNT_BU_CD_SPE00000,570
FULL_MNGMNT_BU_CD_SPI00000,571
FULL_MNGMNT_BU_CD_SSW00000,572
FULL_MNGMNT_BU_CD_VINZ112X,573
FULL_MNGMNT_BU_CD_VKY00000,574
FULL_MNGMNT_BU_CD_VMJ00000,575
FULL_MNGMNT_BU_CD_VPB00000,576
FULL_MNGMNT_BU_CD_VSGZ113X,577
FULL_MNGMNT_BU_CD_VSGZ114X,578
FULL_MNGMNT_BU_CD_VSL00000,579
HCPCS_CD_36415,580
HCPCS_CD_43239,581
HCPCS_CD_45378,582
HCPCS_CD_45380,583
HCPCS_CD_45385,584
HCPCS_CD_70450,585
HCPCS_CD_71045,586
HCPCS_CD_71046,587
HCPCS_CD_71260,588
HCPCS_CD_73630,589
HCPCS_CD_74176,590
HCPCS_CD_74177,591
HCPCS_CD_76705,592
HCPCS_CD_77063,593
HCPCS_CD_77067,594
HCPCS_CD_80047,595
HCPCS_CD_80048,596
HCPCS_CD_80051,597
HCPCS_CD_80053,598
HCPCS_CD_80061,599
HCPCS_CD_80076,600
HCPCS_CD_80307,601
HCPCS_CD_81001,602
HCPCS_CD_81003,603
HCPCS_CD_81025,604
HCPCS_CD_82040,605
HCPCS_CD_82150,606
HCPCS_CD_82306,607
HCPCS_CD_82310,608
HCPCS_CD_82550,609
HCPCS_CD_82553,610
HCPCS_CD_82565,611
HCPCS_CD_82570,612
HCPCS_CD_82607,613
HCPCS_CD_82728,614
HCPCS_CD_82947,615
HCPCS_CD_82962,616
HCPCS_CD_83036,617
HCPCS_CD_83540,618
HCPCS_CD_83550,619
HCPCS_CD_83605,620
HCPCS_CD_83615,621
HCPCS_CD_83690,622
HCPCS_CD_83735,623
HCPCS_CD_83880,624
HCPCS_CD_83970,625
HCPCS_CD_84075,626
HCPCS_CD_84100,627
HCPCS_CD_84132,628
HCPCS_CD_84153,629
HCPCS_CD_84439,630
HCPCS_CD_84443,631
HCPCS_CD_84450,632
HCPCS_CD_84460,633
HCPCS_CD_84484,634
HCPCS_CD_84520,635
HCPCS_CD_84550,636
HCPCS_CD_84702,637
HCPCS_CD_84703,638
HCPCS_CD_85014,639
HCPCS_CD_85018,640
HCPCS_CD_85025,641
HCPCS_CD_85027,642
HCPCS_CD_85379,643
HCPCS_CD_85610,644
HCPCS_CD_85652,645
HCPCS_CD_85730,646
HCPCS_CD_86140,647
HCPCS_CD_86850,648
HCPCS_CD_86900,649
HCPCS_CD_86901,650
HCPCS_CD_87040,651
HCPCS_CD_87070,652
HCPCS_CD_87077,653
HCPCS_CD_87081,654
HCPCS_CD_87086,655
HCPCS_CD_87088,656
HCPCS_CD_87186,657
HCPCS_CD_87205,658
HCPCS_CD_87340,659
HCPCS_CD_87491,660
HCPCS_CD_87591,661
HCPCS_CD_88304,662
HCPCS_CD_88305,663
HCPCS_CD_88307,664
HCPCS_CD_88342,665
HCPCS_CD_90471,666
HCPCS_CD_90715,667
HCPCS_CD_90853,668
HCPCS_CD_90999,669
HCPCS_CD_93005,670
HCPCS_CD_93017,671
HCPCS_CD_93306,672
HCPCS_CD_94640,673
HCPCS_CD_96360,674
HCPCS_CD_96361,675
HCPCS_CD_96365,676
HCPCS_CD_96366,677
HCPCS_CD_96367,678
HCPCS_CD_96372,679
HCPCS_CD_96374,680
HCPCS_CD_96375,681
HCPCS_CD_96376,682
HCPCS_CD_96413,683
HCPCS_CD_96415,684
HCPCS_CD_97110,685
HCPCS_CD_97112,686
HCPCS_CD_97116,687
HCPCS_CD_97140,688
HCPCS_CD_97161,689
HCPCS_CD_97162,690
HCPCS_CD_97530,691
HCPCS_CD_99152,692
HCPCS_CD_99211,693
HCPCS_CD_99212,694
HCPCS_CD_99213,695
HCPCS_CD_99214,696
HCPCS_CD_99282,697
HCPCS_CD_99283,698
HCPCS_CD_99284,699
HCPCS_CD_99285,700
HCPCS_CD_A4657,701
HCPCS_CD_A9270,702
HCPCS_CD_C1713,703
HCPCS_CD_C1769,704
HCPCS_CD_C1894,705
HCPCS_CD_G0151,706
HCPCS_CD_G0152,707
HCPCS_CD_G0299,708
HCPCS_CD_G0300,709
HCPCS_CD_G0378,710
HCPCS_CD_G0463,711
HCPCS_CD_G8978,712
HCPCS_CD_G8979,713
HCPCS_CD_H0015,714
HCPCS_CD_J0131,715
HCPCS_CD_J0171,716
HCPCS_CD_J0330,717
HCPCS_CD_J0690,718
HCPCS_CD_J0696,719
HCPCS_CD_J1100,720
HCPCS_CD_J1170,721
HCPCS_CD_J1200,722
HCPCS_CD_J1270,723
HCPCS_CD_J1642,724
HCPCS_CD_J1644,725
HCPCS_CD_J1650,726
HCPCS_CD_J1756,727
HCPCS_CD_J1885,728
HCPCS_CD_J2001,729
HCPCS_CD_J2060,730
HCPCS_CD_J2250,731
HCPCS_CD_J2270,732
HCPCS_CD_J2370,733
HCPCS_CD_J2405,734
HCPCS_CD_J2704,735
HCPCS_CD_J2710,736
HCPCS_CD_J2765,737
HCPCS_CD_J3010,738
HCPCS_CD_J3490,739
HCPCS_CD_J7030,740
HCPCS_CD_J7040,741
HCPCS_CD_J7050,742
HCPCS_CD_J7120,743
HCPCS_CD_Q4081,744
HCPCS_CD_Q5001,745
HCPCS_CD_Q9967,746
HCPCS_CD_S5102,747
HCPCS_CD_Z7502,748
HCPCS_CD_Z7610,749
HCPCS_MDFR_CD_25,750
HCPCS_MDFR_CD_33,751
HCPCS_MDFR_CD_50,752
HCPCS_MDFR_CD_59,753
HCPCS_MDFR_CD_90,754
HCPCS_MDFR_CD_91,755
HCPCS_MDFR_CD_99,756
HCPCS_MDFR_CD_GN,757
HCPCS_MDFR_CD_GO,758
HCPCS_MDFR_CD_GP,759
HCPCS_MDFR_CD_GY,760
HCPCS_MDFR_CD_JA,761
HCPCS_MDFR_CD_JW,762
HCPCS_MDFR_CD_LT,763
HCPCS_MDFR_CD_PO,764
HCPCS_MDFR_CD_QW,765
HCPCS_MDFR_CD_RT,766
HCPCS_MDFR_CD_TC,767
HCPCS_MDFR_CD_UD,768
HCPCS_MDFR_CD_XU,769
ICD_A419,770
ICD_B20,771
ICD_B349,772
ICD_B351,773
ICD_C189,774
ICD_C20,775
ICD_C3490,776
ICD_C50411,777
ICD_C50412,778
ICD_C50911,779
ICD_C50912,780
ICD_C50919,781
ICD_C61,782
ICD_C787,783
ICD_C7951,784
ICD_C9000,785
ICD_D122,786
ICD_D123,787
ICD_D125,788
ICD_D225,789
ICD_D259,790
ICD_D485,791
ICD_D500,792
ICD_D509,793
ICD_D62,794
ICD_D631,795
ICD_D649,796
ICD_D696,797
ICD_D72829,798
ICD_E038,799
ICD_E039,800
ICD_E041,801
ICD_E063,802
ICD_E1065,803
ICD_E109,804
ICD_E1122,805
ICD_E1140,806
ICD_E1142,807
ICD_E11621,808
ICD_E1165,809
ICD_E1169,810
ICD_E118,811
ICD_E119,812
ICD_E291,813
ICD_E43,814
ICD_E46,815
ICD_E538,816
ICD_E559,817
ICD_E6601,818
ICD_E6609,819
ICD_E663,820
ICD_E669,821
ICD_E7800,822
ICD_E781,823
ICD_E782,824
ICD_E784,825
ICD_E785,826
ICD_E8342,827
ICD_E860,828
ICD_E871,829
ICD_E872,830
ICD_E875,831
ICD_E876,832
ICD_F0390,833
ICD_F1010,834
ICD_F1020,835
ICD_F1120,836
ICD_F1210,837
ICD_F1220,838
ICD_F1320,839
ICD_F1420,840
ICD_F1520,841
ICD_F17200,842
ICD_F17210,843
ICD_F3181,844
ICD_F319,845
ICD_F321,846
ICD_F329,847
ICD_F330,848
ICD_F331,849
ICD_F332,850
ICD_F339,851
ICD_F341,852
ICD_F39,853
ICD_F410,854
ICD_F411,855
ICD_F418,856
ICD_F419,857
ICD_F4310,858
ICD_F4312,859
ICD_F4320,860
ICD_F4321,861
ICD_F4322,862
ICD_F4323,863
ICD_F800,864
ICD_F801,865
ICD_F802,866
ICD_F809,867
ICD_F82,868
ICD_F840,869
ICD_F900,870
ICD_F902,871
ICD_F909,872
ICD_G20,873
ICD_G35,874
ICD_G40909,875
ICD_G43709,876
ICD_G43909,877
ICD_G4700,878
ICD_G4730,879
ICD_G4733,880
ICD_G629,881
ICD_G809,882
ICD_G8918,883
ICD_G8929,884
ICD_G894,885
ICD_G9340,886
ICD_H04123,887
ICD_H2511,888
ICD_H2512,889
ICD_H2513,890
ICD_H40013,891
ICD_H5203,892
ICD_H5213,893
ICD_H52223,894
ICD_H524,895
ICD_H6123,896
ICD_H903,897
ICD_I10,898
ICD_I110,899
ICD_I119,900
ICD_I120,901
ICD_I129,902
ICD_I130,903
ICD_I214,904
ICD_I2510,905
ICD_I252,906
ICD_I2699,907
ICD_I340,908
ICD_I350,909
ICD_I429,910
ICD_I471,911
ICD_I480,912
ICD_I482,913
ICD_I4891,914
ICD_I5022,915
ICD_I5032,916
ICD_I509,917
ICD_I517,918
ICD_I639,919
ICD_I739,920
ICD_I872,921
ICD_I959,922
ICD_J0100,923
ICD_J0190,924
ICD_J020,925
ICD_J029,926
ICD_J069,927
ICD_J189,928
ICD_J209,929
ICD_J301,930
ICD_J302,931
ICD_J3081,932
ICD_J3089,933
ICD_J309,934
ICD_J329,935
ICD_J342,936
ICD_J343,937
ICD_J3489,938
ICD_J40,939
ICD_J441,940
ICD_J449,941
ICD_J4520,942
ICD_J45901,943
ICD_J45909,944
ICD_J90,945
ICD_J9600,946
ICD_J9601,947
ICD_J9811,948
ICD_J984,949
ICD_K011,950
ICD_K210,951
ICD_K219,952
ICD_K2950,953
ICD_K2970,954
ICD_K3189,955
ICD_K449,956
ICD_K5090,957
ICD_K529,958
ICD_K5730,959
ICD_K589,960
ICD_K5900,961
ICD_K625,962
ICD_K635,963
ICD_K648,964
ICD_K7460,965
ICD_K760,966
ICD_K8020,967
ICD_K921,968
ICD_K922,969
ICD_L03115,970
ICD_L03116,971
ICD_L309,972
ICD_L570,973
ICD_L700,974
ICD_L814,975
ICD_L820,976
ICD_L821,977
ICD_M069,978
ICD_M109,979
ICD_M1611,980
ICD_M1612,981
ICD_M170,982
ICD_M1711,983
ICD_M1712,984
ICD_M19011,985
ICD_M1990,986
ICD_M2550,987
ICD_M25511,988
ICD_M25512,989
ICD_M25519,990
ICD_M25521,991
ICD_M25531,992
ICD_M25532,993
ICD_M25551,994
ICD_M25552,995
ICD_M25561,996
ICD_M25562,997
ICD_M25571,998
ICD_M25572,999
ICD_M2560,1000
ICD_M25611,1001
ICD_M25661,1002
ICD_M4316,1003
ICD_M461,1004
ICD_M47812,1005
ICD_M47816,1006
ICD_M47817,1007
ICD_M4802,1008
ICD_M48061,1009
ICD_M48062,1010
ICD_M5030,1011
ICD_M5116,1012
ICD_M5126,1013
ICD_M5136,1014
ICD_M5137,1015
ICD_M531,1016
ICD_M533,1017
ICD_M5412,1018
ICD_M5416,1019
ICD_M5417,1020
ICD_M542,1021
ICD_M5431,1022
ICD_M5432,1023
ICD_M5441,1024
ICD_M5442,1025
ICD_M545,1026
ICD_M546,1027
ICD_M549,1028
ICD_M6281,1029
ICD_M62830,1030
ICD_M62838,1031
ICD_M722,1032
ICD_M7541,1033
ICD_M7542,1034
ICD_M791,1035
ICD_M7910,1036
ICD_M79604,1037
ICD_M79605,1038
ICD_M79641,1039
ICD_M79671,1040
ICD_M79672,1041
ICD_M797,1042
ICD_M7989,1043
ICD_M810,1044
ICD_M8580,1045
ICD_M961,1046
ICD_M9901,1047
ICD_M9902,1048
ICD_M9903,1049
ICD_M9904,1050
ICD_M9905,1051
ICD_M9906,1052
ICD_M9907,1053
ICD_N179,1054
ICD_N183,1055
ICD_N184,1056
ICD_N186,1057
ICD_N189,1058
ICD_N200,1059
ICD_N2581,1060
ICD_N3000,1061
ICD_N390,1062
ICD_N400,1063
ICD_N401,1064
ICD_N529,1065
ICD_N760,1066
ICD_N898,1067
ICD_N920,1068
ICD_N926,1069
ICD_N939,1070
ICD_N946,1071
ICD_N951,1072
ICD_N979,1073
ICD_O80,1074
ICD_P599,1075
ICD_R000,1076
ICD_R001,1077
ICD_R002,1078
ICD_R011,1079
ICD_R030,1080
ICD_R05,1081
ICD_R0600,1082
ICD_R0602,1083
ICD_R0609,1084
ICD_R062,1085
ICD_R0683,1086
ICD_R0789,1087
ICD_R079,1088
ICD_R0902,1089
ICD_R0981,1090
ICD_R0989,1091
ICD_R1011,1092
ICD_R1013,1093
ICD_R102,1094
ICD_R1030,1095
ICD_R1031,1096
ICD_R1032,1097
ICD_R1084,1098
ICD_R109,1099
ICD_R110,1100
ICD_R1110,1101
ICD_R112,1102
ICD_R1310,1103
ICD_R1312,1104
ICD_R140,1105
ICD_R188,1106
ICD_R197,1107
ICD_R200,1108
ICD_R202,1109
ICD_R21,1110
ICD_R262,1111
ICD_R2681,1112
ICD_R2689,1113
ICD_R269,1114
ICD_R278,1115
ICD_R279,1116
ICD_R293,1117
ICD_R29898,1118
ICD_R300,1119
ICD_R319,1120
ICD_R32,1121
ICD_R339,1122
ICD_R350,1123
ICD_R4182,1124
ICD_R42,1125
ICD_R45851,1126
ICD_R509,1127
ICD_R51,1128
ICD_R52,1129
ICD_R531,1130
ICD_R5381,1131
ICD_R5382,1132
ICD_R5383,1133
ICD_R55,1134
ICD_R569,1135
ICD_R590,1136
ICD_R600,1137
ICD_R609,1138
ICD_R620,1139
ICD_R6250,1140
ICD_R633,1141
ICD_R634,1142
ICD_R635,1143
ICD_R6889,1144
ICD_R7301,1145
ICD_R7303,1146
ICD_R7309,1147
ICD_R739,1148
ICD_R740,1149
ICD_R748,1150
ICD_R7881,1151
ICD_R7989,1152
ICD_R911,1153
ICD_R918,1154
ICD_R928,1155
ICD_R9431,1156
ICD_R945,1157
ICD_R9720,1158
ICD_S0990XA,1159
ICD_S134XXA,1160
ICD_S161XXA,1161
ICD_S233XXA,1162
ICD_S335XXA,1163
ICD_S39012A,1164
ICD_Z0000,1165
ICD_Z0001,1166
ICD_Z00110,1167
ICD_Z00121,1168
ICD_Z00129,1169
ICD_Z0100,1170
ICD_Z0110,1171
ICD_Z01419,1172
ICD_Z01810,1173
ICD_Z01812,1174
ICD_Z01818,1175
ICD_Z0189,1176
ICD_Z09,1177
ICD_Z111,1178
ICD_Z113,1179
ICD_Z1151,1180
ICD_Z1159,1181
ICD_Z1211,1182
ICD_Z1231,1183
ICD_Z124,1184
ICD_Z125,1185
ICD_Z130,1186
ICD_Z131,1187
ICD_Z13220,1188
ICD_Z1329,1189
ICD_Z136,1190
ICD_Z1389,1191
ICD_Z170,1192
ICD_Z202,1193
ICD_Z23,1194
ICD_Z3009,1195
ICD_Z3202,1196
ICD_Z3481,1197
ICD_Z3482,1198
ICD_Z3483,1199
ICD_Z370,1200
ICD_Z3800,1201
ICD_Z3801,1202
ICD_Z391,1203
ICD_Z3A38,1204
ICD_Z3A39,1205
ICD_Z3A40,1206
ICD_Z452,1207
ICD_Z471,1208
ICD_Z4789,1209
ICD_Z510,1210
ICD_Z5111,1211
ICD_Z5112,1212
ICD_Z5181,1213
ICD_Z5189,1214
ICD_Z6830,1215
ICD_Z6841,1216
ICD_Z6842,1217
ICD_Z6843,1218
ICD_Z6852,1219
ICD_Z6854,1220
ICD_Z713,1221
ICD_Z7182,1222
ICD_Z7189,1223
ICD_Z720,1224
ICD_Z789,1225
ICD_Z7901,1226
ICD_Z794,1227
ICD_Z7982,1228
ICD_Z7984,1229
ICD_Z79891,1230
ICD_Z79899,1231
ICD_Z800,1232
ICD_Z803,1233
ICD_Z8249,1234
ICD_Z833,1235
ICD_Z853,1236
ICD_Z85828,1237
ICD_Z86010,1238
ICD_Z86718,1239
ICD_Z8673,1240
ICD_Z87891,1241
ICD_Z880,1242
ICD_Z881,1243
ICD_Z882,1244
ICD_Z885,1245
ICD_Z888,1246
ICD_Z9049,1247
ICD_Z90710,1248
ICD_Z9181,1249
ICD_Z931,1250
ICD_Z940,1251
ICD_Z950,1252
ICD_Z951,1253
ICD_Z955,1254
ICD_Z961,1255
ICD_Z96651,1256
ICD_Z96652,1257
ICD_Z981,1258
ICD_Z9884,1259
ICD_Z98890,1260
ICD_Z992,1261
MBR_CNTRCT_CD_01U1,1262
MBR_CNTRCT_CD_02LQ,1263
MBR_CNTRCT_CD_04FU,1264
MBR_CNTRCT_CD_04G0,1265
MBR_CNTRCT_CD_07UX,1266
MBR_CNTRCT_CD_09BJ,1267
MBR_CNTRCT_CD_09LU,1268
MBR_CNTRCT_CD_09LX,1269
MBR_CNTRCT_CD_0BGQ,1270
MBR_CNTRCT_CD_0MQF,1271
MBR_CNTRCT_CD_0N0S,1272
MBR_CNTRCT_CD_0PEW,1273
MBR_CNTRCT_CD_0QAC,1274
MBR_CNTRCT_CD_1HU5,1275
MBR_CNTRCT_CD_1VR7,1276
MBR_CNTRCT_CD_1VR8,1277
MBR_CNTRCT_CD_1VTM,1278
MBR_CNTRCT_CD_1VUS,1279
MBR_CNTRCT_CD_1WAM,1280
MBR_CNTRCT_CD_1YAA,1281
MBR_CNTRCT_CD_28J0,1282
MBR_CNTRCT_CD_28J4,1283
MBR_CNTRCT_CD_28J5,1284
MBR_CNTRCT_CD_28JB,1285
MBR_CNTRCT_CD_28P1,1286
MBR_CNTRCT_CD_28P2,1287
MBR_CNTRCT_CD_2C61,1288
MBR_CNTRCT_CD_2C89,1289
MBR_CNTRCT_CD_2C99,1290
MBR_CNTRCT_CD_2C9A,1291
MBR_CNTRCT_CD_2CVG,1292
MBR_CNTRCT_CD_2EXF,1293
MBR_CNTRCT_CD_2G31,1294
MBR_CNTRCT_CD_2K4K,1295
MBR_CNTRCT_CD_2LYU,1296
MBR_CNTRCT_CD_2LYW,1297
MBR_CNTRCT_CD_2M5R,1298
MBR_CNTRCT_CD_2NBK,1299
MBR_CNTRCT_CD_2NKN,1300
MBR_CNTRCT_CD_2R9J,1301
MBR_CNTRCT_CD_2R9L,1302
MBR_CNTRCT_CD_2RV1,1303
MBR_CNTRCT_CD_2RXK,1304
MBR_CNTRCT_CD_2RXL,1305
MBR_CNTRCT_CD_2SSF,1306
MBR_CNTRCT_CD_2SSH,1307
MBR_CNTRCT_CD_2SSK,1308
MBR_CNTRCT_CD_2VJW,1309
MBR_CNTRCT_CD_2VJX,1310
MBR_CNTRCT_CD_2VKK,1311
MBR_CNTRCT_CD_2VYS,1312
MBR_CNTRCT_CD_302Q,1313
MBR_CNTRCT_CD_3037,1314
MBR_CNTRCT_CD_3103,1315
MBR_CNTRCT_CD_31KT,1316
MBR_CNTRCT_CD_328W,1317
MBR_CNTRCT_CD_32AE,1318
MBR_CNTRCT_CD_32PL,1319
MBR_CNTRCT_CD_33JL,1320
MBR_CNTRCT_CD_349C,1321
MBR_CNTRCT_CD_349D,1322
MBR_CNTRCT_CD_364Z,1323
MBR_CNTRCT_CD_3Q8L,1324
MBR_CNTRCT_CD_3Q8N,1325
MBR_CNTRCT_CD_3SYR,1326
MBR_CNTRCT_CD_9003,1327
MBR_CNTRCT_CD_C615,1328
MBR_CNTRCT_CD_C865,1329
MBR_CNTRCT_CD_C866,1330
MBR_CNTRCT_CD_C867,1331
MBR_CNTRCT_CD_C868,1332
MBR_CNTRCT_CD_C914,1333
MBR_CNTRCT_CD_CJ03,1334
MBR_CNTRCT_CD_CJ04,1335
MBR_CNTRCT_CD_CJ05,1336
MBR_CNTRCT_CD_CW33,1337
MBR_CNTRCT_CD_EG09,1338
MBR_CNTRCT_CD_EG10,1339
MBR_CNTRCT_CD_EH62,1340
MBR_CNTRCT_CD_EH65,1341
MBR_CNTRCT_CD_EH66,1342
MBR_CNTRCT_CD_EH68,1343
MBR_CNTRCT_CD_EN97,1344
MBR_CNTRCT_CD_ER53,1345
MBR_CNTRCT_CD_FV08,1346
MBR_CNTRCT_CD_HZGM,1347
MBR_CNTRCT_CD_Q2FP,1348
MBR_CNTRCT_CD_Q2GN,1349
MBR_CNTRCT_CD_Q2GP,1350
MBR_CNTRCT_CD_Q2GQ,1351
MBR_CNTRCT_CD_Q6A0,1352
MBR_CNTRCT_CD_Q6A1,1353
MBR_CNTRCT_CD_Q78F,1354
MBR_CNTRCT_CD_Q83A,1355
MBR_CNTRCT_CD_Q83B,1356
MBR_CNTRCT_CD_Q83C,1357
MBR_CNTRCT_CD_S602,1358
MBR_CNTRCT_CD_SS06,1359
MBR_CNTRCT_CD_SS09,1360
MBR_CNTRCT_CD_SS26,1361
MBR_CNTRCT_CD_SS49,1362
MBR_CNTRCT_CD_SS50,1363
MBR_CNTRCT_CD_SS51,1364
MBR_CNTRCT_CD_SS52,1365
MBR_CNTRCT_CD_SS53,1366
MBR_CNTRCT_CD_SS54,1367
MBR_CNTRCT_CD_SS55,1368
MBR_CNTRCT_CD_SS58,1369
MBR_CNTRCT_CD_SS61,1370
MBR_CNTRCT_CD_SS69,1371
MBR_CNTRCT_CD_SS70,1372
MBR_CNTRCT_CD_SS73,1373
MBR_CNTRCT_CD_SS76,1374
MBR_CNTRCT_CD_SS79,1375
MBR_CNTRCT_CD_SS89,1376
MBR_CNTRCT_CD_SS92,1377
MBR_CNTRCT_CD_SS95,1378
MBR_CNTRCT_CD_SS96,1379
MBR_CNTRCT_CD_SS97,1380
MBR_CNTRCT_CD_SSB9,1381
MBR_CNTRCT_CD_T160,1382
MBR_CNTRCT_CD_Z125,1383
MBR_CNTRCT_CD_Z2GO,1384
MBR_CNTRCT_CVRG_CD_A,1385
MBR_CNTRCT_CVRG_CD_B,1386
MBR_CNTRCT_CVRG_CD_C,1387
MBR_CNTRCT_CVRG_CD_D,1388
MBR_CNTRCT_CVRG_CD_E,1389
MBR_CNTRCT_CVRG_CD_F,1390
MBR_CNTRCT_CVRG_CD_G,1391
MBR_CNTRCT_CVRG_CD_H,1392
MBR_CNTRCT_CVRG_CD_I,1393
MBR_CNTRCT_CVRG_CD_J,1394
MBR_CNTRCT_CVRG_CD_K,1395
MBR_CNTRCT_CVRG_CD_L,1396
MBR_CNTRCT_CVRG_CD_M,1397
MBR_CNTRCT_CVRG_CD_N,1398
MBR_CNTRCT_CVRG_CD_O,1399
MBR_CNTRCT_CVRG_CD_P,1400
MBR_CNTRCT_CVRG_CD_Q,1401
MBR_CNTRCT_CVRG_CD_R,1402
MBR_CNTRCT_CVRG_CD_S,1403
MBR_CNTRCT_CVRG_CD_T,1404
MBR_CNTRCT_CVRG_CD_U,1405
MBR_CNTRCT_CVRG_CD_V,1406
MBR_CNTRCT_CVRG_CD_W,1407
MBR_CNTRCT_CVRG_CD_X,1408
MBR_CNTRCT_CVRG_CD_Y,1409
MBR_CNTRCT_CVRG_CD_Z,1410
MBR_CNTRCT_TYPE_CD_A,1411
MBR_CNTRCT_TYPE_CD_B,1412
MBR_CNTRCT_TYPE_CD_C,1413
MBR_CNTRCT_TYPE_CD_D,1414
MBR_CNTRCT_TYPE_CD_E,1415
MBR_CNTRCT_TYPE_CD_F,1416
MBR_CNTRCT_TYPE_CD_G,1417
MBR_CNTRCT_TYPE_CD_H,1418
MBR_CNTRCT_TYPE_CD_J,1419
MBR_CNTRCT_TYPE_CD_L,1420
MBR_CNTRCT_TYPE_CD_P,1421
MBR_CNTRCT_TYPE_CD_Q,1422
MBR_CNTRCT_TYPE_CD_R,1423
MBU_CD_G,1424
MBU_CD_I,1425
MK_FUND_TYPE_CD_1,1426
MK_FUND_TYPE_CD_2,1427
MK_FUND_TYPE_CD_7,1428
MK_FUND_TYPE_CD_9,1429
MK_FUND_TYPE_CD_A,1430
MK_FUND_TYPE_CD_B,1431
MK_FUND_TYPE_CD_G,1432
MK_FUND_TYPE_CD_H,1433
MK_FUND_TYPE_CD_K,1434
MK_FUND_TYPE_CD_W,1435
MODIFIER_CD_24,1436
MODIFIER_CD_25,1437
MODIFIER_CD_26,1438
MODIFIER_CD_33,1439
MODIFIER_CD_50,1440
MODIFIER_CD_51,1441
MODIFIER_CD_52,1442
MODIFIER_CD_57,1443
MODIFIER_CD_59,1444
MODIFIER_CD_76,1445
MODIFIER_CD_77,1446
MODIFIER_CD_79,1447
MODIFIER_CD_80,1448
MODIFIER_CD_90,1449
MODIFIER_CD_91,1450
MODIFIER_CD_99,1451
MODIFIER_CD_AA,1452
MODIFIER_CD_AS,1453
MODIFIER_CD_AT,1454
MODIFIER_CD_CI,1455
MODIFIER_CD_CJ,1456
MODIFIER_CD_CK,1457
MODIFIER_CD_GA,1458
MODIFIER_CD_GC,1459
MODIFIER_CD_GN,1460
MODIFIER_CD_GO,1461
MODIFIER_CD_GP,1462
MODIFIER_CD_GY,1463
MODIFIER_CD_HA,1464
MODIFIER_CD_HH,1465
MODIFIER_CD_HO,1466
MODIFIER_CD_JW,1467
MODIFIER_CD_KJ,1468
MODIFIER_CD_KS,1469
MODIFIER_CD_KX,1470
MODIFIER_CD_LT,1471
MODIFIER_CD_NU,1472
MODIFIER_CD_P1,1473
MODIFIER_CD_P2,1474
MODIFIER_CD_P3,1475
MODIFIER_CD_PO,1476
MODIFIER_CD_PT,1477
MODIFIER_CD_Q6,1478
MODIFIER_CD_QK,1479
MODIFIER_CD_QS,1480
MODIFIER_CD_QW,1481
MODIFIER_CD_QX,1482
MODIFIER_CD_QZ,1483
MODIFIER_CD_RH,1484
MODIFIER_CD_RR,1485
MODIFIER_CD_RT,1486
MODIFIER_CD_SA,1487
MODIFIER_CD_SH,1488
MODIFIER_CD_SL,1489
MODIFIER_CD_TC,1490
MODIFIER_CD_UD,1491
MODIFIER_CD_V7,1492
MODIFIER_CD_XS,1493
MODIFIER_CD_XU,1494
PN_CD_ACP1,1495
PN_CD_ANC5,1496
PN_CD_ANC7,1497
PN_CD_ANDE,1498
PN_CD_ASC4,1499
PN_CD_ASHP,1500
PN_CD_BLUE,1501
PN_CD_BNL0,1502
PN_CD_BNL1,1503
PN_CD_BNL2,1504
PN_CD_BNL3,1505
PN_CD_CAP,1506
PN_CD_CCPB,1507
PN_CD_CHR3,1508
PN_CD_CHR4,1509
PN_CD_CTPA,1510
PN_CD_CTPP,1511
PN_CD_CWMA,1512
PN_CD_CWMD,1513
PN_CD_CWNC,1514
PN_CD_DIDD,1515
PN_CD_DMCA,1516
PN_CD_DMEX,1517
PN_CD_EUCS,1518
PN_CD_HCD1,1519
PN_CD_HCD4,1520
PN_CD_HCSG,1521
PN_CD_HMZ1,1522
PN_CD_HND1,1523
PN_CD_HOSP,1524
PN_CD_HOST,1525
PN_CD_HTI4,1526
PN_CD_IND1,1527
PN_CD_INF1,1528
PN_CD_INS1,1529
PN_CD_INSP,1530
PN_CD_INSW,1531
PN_CD_INUC,1532
PN_CD_LAB4,1533
PN_CD_LABE,1534
PN_CD_LABU,1535
PN_CD_MCAZ,1536
PN_CD_MCD3,1537
PN_CD_MCI1,1538
PN_CD_MCI7,1539
PN_CD_MCI8,1540
PN_CD_MCL8,1541
PN_CD_MCN6,1542
PN_CD_MCP1,1543
PN_CD_MCSE,1544
PN_CD_MCX2,1545
PN_CD_MHN1,1546
PN_CD_MHN2,1547
PN_CD_MSCI,1548
PN_CD_MSCN,1549
PN_CD_MSCP,1550
PN_CD_MSTI,1551
PN_CD_MWVI,1552
PN_CD_MWVP,1553
PN_CD_NCEP,1554
PN_CD_NCNT,1555
PN_CD_NEBC,1556
PN_CD_NENP,1557
PN_CD_NHIX,1558
PN_CD_NHPA,1559
PN_CD_NHPX,1560
PN_CD_NYBM,1561
PN_CD_NYF1,1562
PN_CD_NYF2,1563
PN_CD_NYF7,1564
PN_CD_NYI0,1565
PN_CD_NYS0,1566
PN_CD_PABA,1567
PN_CD_PBCF,1568
PN_CD_PBMA,1569
PN_CD_PBMB,1570
PN_CD_PBMD,1571
PN_CD_PBME,1572
PN_CD_PBMG,1573
PN_CD_PBML,1574
PN_CD_PBP1,1575
PN_CD_PBP8,1576
PN_CD_PBPL,1577
PN_CD_PBS6,1578
PN_CD_PBUF,1579
PN_CD_SPEC,1580
PN_CD_UCBS,1581
PN_CD_UPED,1582
PN_CD_VAHU,1583
PN_CD_VAHW,1584
PN_CD_VAOL,1585
PN_CD_VAOM,1586
PN_CD_VAOP,1587
PN_CD_VAOT,1588
PN_CD_XDEF,1589
PN_CD_XEMG,1590
PN_CD_ZPFU,1591
PN_CD_ZPLA,1592
PN_CD_ZUPT,1593
PN_CD_ZWGE,1594
POT_CD_1,1595
POT_CD_2,1596
POT_CD_3,1597
POT_CD_4,1598
POT_CD_7,1599
POT_CD_8,1600
POT_CD_9,1601
PROC_CD_0022,1602
PROC_CD_0023,1603
PROC_CD_00731,1604
PROC_CD_00811,1605
PROC_CD_00812,1606
PROC_CD_01002,1607
PROC_CD_0110,1608
PROC_CD_0111,1609
PROC_CD_0112,1610
PROC_CD_0120,1611
PROC_CD_0121,1612
PROC_CD_0122,1613
PROC_CD_0124,1614
PROC_CD_0171,1615
PROC_CD_0190,1616
PROC_CD_01967,1617
PROC_CD_0200,1618
PROC_CD_0206,1619
PROC_CD_0214,1620
PROC_CD_0250,1621
PROC_CD_0251,1622
PROC_CD_0255,1623
PROC_CD_0258,1624
PROC_CD_0259,1625
PROC_CD_0260,1626
PROC_CD_0270,1627
PROC_CD_0271,1628
PROC_CD_0272,1629
PROC_CD_0274,1630
PROC_CD_0278,1631
PROC_CD_0300,1632
PROC_CD_0301,1633
PROC_CD_0302,1634
PROC_CD_0305,1635
PROC_CD_0306,1636
PROC_CD_0307,1637
PROC_CD_0309,1638
PROC_CD_0310,1639
PROC_CD_0311,1640
PROC_CD_0312,1641
PROC_CD_0320,1642
PROC_CD_0324,1643
PROC_CD_0331,1644
PROC_CD_0333,1645
PROC_CD_0335,1646
PROC_CD_0341,1647
PROC_CD_0343,1648
PROC_CD_0350,1649
PROC_CD_0351,1650
PROC_CD_0352,1651
PROC_CD_0360,1652
PROC_CD_0361,1653
PROC_CD_0364T,1654
PROC_CD_0365T,1655
PROC_CD_0368T,1656
PROC_CD_0369T,1657
PROC_CD_0370,1658
PROC_CD_0390,1659
PROC_CD_0391,1660
PROC_CD_0401,1661
PROC_CD_0402,1662
PROC_CD_0403,1663
PROC_CD_0403T,1664
PROC_CD_0410,1665
PROC_CD_0412,1666
PROC_CD_0420,1667
PROC_CD_0421,1668
PROC_CD_0424,1669
PROC_CD_0430,1670
PROC_CD_0431,1671
PROC_CD_0434,1672
PROC_CD_0440,1673
PROC_CD_0444,1674
PROC_CD_0450,1675
PROC_CD_0460,1676
PROC_CD_0471,1677
PROC_CD_0480,1678
PROC_CD_0481,1679
PROC_CD_0482,1680
PROC_CD_0483,1681
PROC_CD_0490,1682
PROC_CD_0510,1683
PROC_CD_0521,1684
PROC_CD_0551,1685
PROC_CD_0610,1686
PROC_CD_0611,1687
PROC_CD_0612,1688
PROC_CD_0636,1689
PROC_CD_0637,1690
PROC_CD_0710,1691
PROC_CD_0720,1692
PROC_CD_0721,1693
PROC_CD_0722,1694
PROC_CD_0730,1695
PROC_CD_0740,1696
PROC_CD_0750,1697
PROC_CD_0761,1698
PROC_CD_0762,1699
PROC_CD_0771,1700
PROC_CD_0821,1701
PROC_CD_0905,1702
PROC_CD_0906,1703
PROC_CD_0912,1704
PROC_CD_0913,1705
PROC_CD_0914,1706
PROC_CD_0915,1707
PROC_CD_0920,1708
PROC_CD_0921,1709
PROC_CD_0940,1710
PROC_CD_0942,1711
PROC_CD_1036F,1712
PROC_CD_11100,1713
PROC_CD_1160F,1714
PROC_CD_17000,1715
PROC_CD_17003,1716
PROC_CD_17110,1717
PROC_CD_20610,1718
PROC_CD_3008F,1719
PROC_CD_3074F,1720
PROC_CD_3078F,1721
PROC_CD_36415,1722
PROC_CD_36416,1723
PROC_CD_43239,1724
PROC_CD_45378,1725
PROC_CD_45380,1726
PROC_CD_45385,1727
PROC_CD_59025,1728
PROC_CD_64615,1729
PROC_CD_66984,1730
PROC_CD_67028,1731
PROC_CD_70450,1732
PROC_CD_70553,1733
PROC_CD_71045,1734
PROC_CD_71046,1735
PROC_CD_71260,1736
PROC_CD_72100,1737
PROC_CD_72148,1738
PROC_CD_73030,1739
PROC_CD_73110,1740
PROC_CD_73130,1741
PROC_CD_73562,1742
PROC_CD_73610,1743
PROC_CD_73630,1744
PROC_CD_73721,1745
PROC_CD_74018,1746
PROC_CD_74176,1747
PROC_CD_74177,1748
PROC_CD_76705,1749
PROC_CD_76817,1750
PROC_CD_76830,1751
PROC_CD_76856,1752
PROC_CD_76942,1753
PROC_CD_77014,1754
PROC_CD_77063,1755
PROC_CD_77067,1756
PROC_CD_78452,1757
PROC_CD_80048,1758
PROC_CD_80050,1759
PROC_CD_80053,1760
PROC_CD_80061,1761
PROC_CD_80076,1762
PROC_CD_80305,1763
PROC_CD_80307,1764
PROC_CD_81000,1765
PROC_CD_81001,1766
PROC_CD_81002,1767
PROC_CD_81003,1768
PROC_CD_81025,1769
PROC_CD_81220,1770
PROC_CD_81291,1771
PROC_CD_81401,1772
PROC_CD_81406,1773
PROC_CD_81479,1774
PROC_CD_82043,1775
PROC_CD_82172,1776
PROC_CD_82248,1777
PROC_CD_82306,1778
PROC_CD_82542,1779
PROC_CD_82550,1780
PROC_CD_82565,1781
PROC_CD_82570,1782
PROC_CD_82607,1783
PROC_CD_82627,1784
PROC_CD_82670,1785
PROC_CD_82728,1786
PROC_CD_82746,1787
PROC_CD_82784,1788
PROC_CD_82947,1789
PROC_CD_82962,1790
PROC_CD_82977,1791
PROC_CD_83001,1792
PROC_CD_83002,1793
PROC_CD_83036,1794
PROC_CD_83090,1795
PROC_CD_83516,1796
PROC_CD_83520,1797
PROC_CD_83525,1798
PROC_CD_83540,1799
PROC_CD_83550,1800
PROC_CD_83615,1801
PROC_CD_83690,1802
PROC_CD_83695,1803
PROC_CD_83704,1804
PROC_CD_83735,1805
PROC_CD_83880,1806
PROC_CD_83970,1807
PROC_CD_84100,1808
PROC_CD_84144,1809
PROC_CD_84153,1810
PROC_CD_84270,1811
PROC_CD_84402,1812
PROC_CD_84403,1813
PROC_CD_84436,1814
PROC_CD_84439,1815
PROC_CD_84443,1816
PROC_CD_84481,1817
PROC_CD_84484,1818
PROC_CD_84520,1819
PROC_CD_84550,1820
PROC_CD_84702,1821
PROC_CD_85018,1822
PROC_CD_85025,1823
PROC_CD_85027,1824
PROC_CD_85610,1825
PROC_CD_85652,1826
PROC_CD_85730,1827
PROC_CD_86038,1828
PROC_CD_86140,1829
PROC_CD_86141,1830
PROC_CD_86376,1831
PROC_CD_86431,1832
PROC_CD_86592,1833
PROC_CD_86800,1834
PROC_CD_86803,1835
PROC_CD_86850,1836
PROC_CD_86900,1837
PROC_CD_86901,1838
PROC_CD_87070,1839
PROC_CD_87077,1840
PROC_CD_87081,1841
PROC_CD_87086,1842
PROC_CD_87088,1843
PROC_CD_87186,1844
PROC_CD_87340,1845
PROC_CD_87389,1846
PROC_CD_87491,1847
PROC_CD_87591,1848
PROC_CD_87624,1849
PROC_CD_87661,1850
PROC_CD_87798,1851
PROC_CD_87804,1852
PROC_CD_87880,1853
PROC_CD_88175,1854
PROC_CD_88305,1855
PROC_CD_88342,1856
PROC_CD_90460,1857
PROC_CD_90461,1858
PROC_CD_90471,1859
PROC_CD_90472,1860
PROC_CD_90633,1861
PROC_CD_90651,1862
PROC_CD_90670,1863
PROC_CD_90680,1864
PROC_CD_90686,1865
PROC_CD_90688,1866
PROC_CD_90707,1867
PROC_CD_90715,1868
PROC_CD_90716,1869
PROC_CD_90734,1870
PROC_CD_90791,1871
PROC_CD_90832,1872
PROC_CD_90833,1873
PROC_CD_90834,1874
PROC_CD_90836,1875
PROC_CD_90837,1876
PROC_CD_90847,1877
PROC_CD_90853,1878
PROC_CD_90999,1879
PROC_CD_92004,1880
PROC_CD_92012,1881
PROC_CD_92014,1882
PROC_CD_92015,1883
PROC_CD_92083,1884
PROC_CD_92133,1885
PROC_CD_92134,1886
PROC_CD_92250,1887
PROC_CD_92507,1888
PROC_CD_92551,1889
PROC_CD_92552,1890
PROC_CD_92557,1891
PROC_CD_92567,1892
PROC_CD_93000,1893
PROC_CD_93005,1894
PROC_CD_93010,1895
PROC_CD_93306,1896
PROC_CD_93325,1897
PROC_CD_93880,1898
PROC_CD_93971,1899
PROC_CD_94010,1900
PROC_CD_94640,1901
PROC_CD_94760,1902
PROC_CD_95117,1903
PROC_CD_96110,1904
PROC_CD_96127,1905
PROC_CD_96361,1906
PROC_CD_96365,1907
PROC_CD_96367,1908
PROC_CD_96372,1909
PROC_CD_96374,1910
PROC_CD_96375,1911
PROC_CD_96413,1912
PROC_CD_96415,1913
PROC_CD_97010,1914
PROC_CD_97012,1915
PROC_CD_97014,1916
PROC_CD_97016,1917
PROC_CD_97026,1918
PROC_CD_97032,1919
PROC_CD_97035,1920
PROC_CD_97110,1921
PROC_CD_97112,1922
PROC_CD_97116,1923
PROC_CD_97124,1924
PROC_CD_97140,1925
PROC_CD_97161,1926
PROC_CD_97162,1927
PROC_CD_97164,1928
PROC_CD_97530,1929
PROC_CD_97535,1930
PROC_CD_97802,1931
PROC_CD_97803,1932
PROC_CD_97810,1933
PROC_CD_97811,1934
PROC_CD_97813,1935
PROC_CD_97814,1936
PROC_CD_98940,1937
PROC_CD_98941,1938
PROC_CD_98942,1939
PROC_CD_98943,1940
PROC_CD_99000,1941
PROC_CD_99051,1942
PROC_CD_99053,1943
PROC_CD_99152,1944
PROC_CD_99173,1945
PROC_CD_99202,1946
PROC_CD_99203,1947
PROC_CD_99204,1948
PROC_CD_99205,1949
PROC_CD_99211,1950
PROC_CD_99212,1951
PROC_CD_99213,1952
PROC_CD_99214,1953
PROC_CD_99215,1954
PROC_CD_99222,1955
PROC_CD_99223,1956
PROC_CD_99231,1957
PROC_CD_99232,1958
PROC_CD_99233,1959
PROC_CD_99238,1960
PROC_CD_99239,1961
PROC_CD_99243,1962
PROC_CD_99244,1963
PROC_CD_99283,1964
PROC_CD_99284,1965
PROC_CD_99285,1966
PROC_CD_99291,1967
PROC_CD_99385,1968
PROC_CD_99391,1969
PROC_CD_99392,1970
PROC_CD_99393,1971
PROC_CD_99394,1972
PROC_CD_99395,1973
PROC_CD_99396,1974
PROC_CD_99444,1975
PROC_CD_99460,1976
PROC_CD_99497,1977
PROC_CD_99601,1978
PROC_CD_A0425,1979
PROC_CD_A0427,1980
PROC_CD_A0428,1981
PROC_CD_A0429,1982
PROC_CD_A4253,1983
PROC_CD_A4604,1984
PROC_CD_A7030,1985
PROC_CD_A7031,1986
PROC_CD_A7032,1987
PROC_CD_A7033,1988
PROC_CD_A7034,1989
PROC_CD_A7035,1990
PROC_CD_A7037,1991
PROC_CD_A7038,1992
PROC_CD_A7039,1993
PROC_CD_A7046,1994
PROC_CD_E0431,1995
PROC_CD_E0562,1996
PROC_CD_E0601,1997
PROC_CD_E1390,1998
PROC_CD_G0008,1999
PROC_CD_G0283,2000
PROC_CD_G0439,2001
PROC_CD_G0444,2002
PROC_CD_G0463,2003
PROC_CD_G0467,2004
PROC_CD_G0480,2005
PROC_CD_G0481,2006
PROC_CD_G0482,2007
PROC_CD_G0483,2008
PROC_CD_G6002,2009
PROC_CD_G8417,2010
PROC_CD_G8420,2011
PROC_CD_G8427,2012
PROC_CD_G8510,2013
PROC_CD_G8730,2014
PROC_CD_G8907,2015
PROC_CD_G9903,2016
PROC_CD_H0004,2017
PROC_CD_H0032,2018
PROC_CD_H2019,2019
PROC_CD_J0585,2020
PROC_CD_J0696,2021
PROC_CD_J1030,2022
PROC_CD_J1040,2023
PROC_CD_J1100,2024
PROC_CD_J1200,2025
PROC_CD_J1745,2026
PROC_CD_J1885,2027
PROC_CD_J2001,2028
PROC_CD_J2250,2029
PROC_CD_J2405,2030
PROC_CD_J2704,2031
PROC_CD_J3010,2032
PROC_CD_J3301,2033
PROC_CD_J3420,2034
PROC_CD_J3490,2035
PROC_CD_J7030,2036
PROC_CD_J7040,2037
PROC_CD_J7050,2038
PROC_CD_J8999,2039
PROC_CD_J9035,2040
PROC_CD_Q9967,2041
PROC_CD_S5102,2042
PROC_CD_S9083,2043
PROC_CD_S9088,2044
PROC_CD_S9999,2045
PROC_CD_T1015,2046
PROC_CD_Z7500,2047
PROC_CD_Z7502,2048
PROC_CD_Z7506,2049
PROC_CD_Z7610,2050
PROD_NTWK_EPO,2051
PROD_NTWK_FFS,2052
PROD_NTWK_HMO,2053
PROD_NTWK_POS,2054
PROD_NTWK_PPO,2055
PROV_IND_A,2056
PROV_IND_B,2057
PROV_IND_C,2058
PROV_IND_D,2059
PROV_IND_K,2060
PROV_IND_L,2061
PROV_IND_N,2062
PROV_IND_P,2063
PROV_IND_Y,2064
PROV_TAX_ID_042697983,2065
PROV_TAX_ID_133757370,2066
PROV_TAX_ID_205392766,2067
PROV_TAX_ID_222405059,2068
PROV_TAX_ID_237064656,2069
PROV_TAX_ID_273818647,2070
PROV_TAX_ID_330057155,2071
PROV_TAX_ID_330185031,2072
PROV_TAX_ID_330599494,2073
PROV_TAX_ID_340714585,2074
PROV_TAX_ID_341650951,2075
PROV_TAX_ID_351747218,2076
PROV_TAX_ID_363819982,2077
PROV_TAX_ID_364694483,2078
PROV_TAX_ID_382084239,2079
PROV_TAX_ID_383839904,2080
PROV_TAX_ID_390452970,2081
PROV_TAX_ID_391678306,2082
PROV_TAX_ID_430653611,2083
PROV_TAX_ID_431039532,2084
PROV_TAX_ID_431560263,2085
PROV_TAX_ID_431661037,2086
PROV_TAX_ID_453343986,2087
PROV_TAX_ID_475298764,2088
PROV_TAX_ID_540506332,2089
PROV_TAX_ID_541237939,2090
PROV_TAX_ID_582030692,2091
PROV_TAX_ID_592852900,2092
PROV_TAX_ID_611276316,2093
PROV_TAX_ID_680273974,2094
PROV_TAX_ID_680329543,2095
PROV_TAX_ID_680334324,2096
PROV_TAX_ID_710897031,2097
PROV_TAX_ID_742161737,2098
PROV_TAX_ID_770465765,2099
PROV_TAX_ID_800348943,2100
PROV_TAX_ID_810745237,2101
PROV_TAX_ID_840611484,2102
PROV_TAX_ID_841179794,2103
PROV_TAX_ID_870737749,2104
PROV_TAX_ID_900294051,2105
PROV_TAX_ID_940562680,2106
PROV_TAX_ID_941156276,2107
PROV_TAX_ID_941156581,2108
PROV_TAX_ID_941156621,2109
PROV_TAX_ID_941603784,2110
PROV_TAX_ID_943281657,2111
PROV_TAX_ID_946000533,2112
PROV_TAX_ID_946036494,2113
PROV_TAX_ID_951642394,2114
PROV_TAX_ID_951644600,2115
PROV_TAX_ID_954373071,2116
PROV_TAX_ID_954457756,2117
PROV_TAX_ID_954641453,2118
PROV_TAX_ID_956006143,2119
PROV_TAX_ID_956130458,2120
PROV_TAX_ID_956419205,2121
PROV_ZIP_4_CD_0000,2122
PROV_ZIP_4_CD_0001,2123
PROV_ZIP_4_CD_0003,2124
PROV_ZIP_4_CD_0011,2125
PROV_ZIP_4_CD_0022,2126
PROV_ZIP_4_CD_0049,2127
PROV_ZIP_4_CD_0052,2128
PROV_ZIP_4_CD_0169,2129
PROV_ZIP_4_CD_0314,2130
PROV_ZIP_4_CD_0352,2131
PROV_ZIP_4_CD_0480,2132
PROV_ZIP_4_CD_0627,2133
PROV_ZIP_4_CD_0679,2134
PROV_ZIP_4_CD_0717,2135
PROV_ZIP_4_CD_1111,2136
PROV_ZIP_4_CD_1368,2137
PROV_ZIP_4_CD_1605,2138
PROV_ZIP_4_CD_1718,2139
PROV_ZIP_4_CD_2005,2140
PROV_ZIP_4_CD_2031,2141
PROV_ZIP_4_CD_2106,2142
PROV_ZIP_4_CD_2136,2143
PROV_ZIP_4_CD_2188,2144
PROV_ZIP_4_CD_2270,2145
PROV_ZIP_4_CD_2300,2146
PROV_ZIP_4_CD_2322,2147
PROV_ZIP_4_CD_2398,2148
PROV_ZIP_4_CD_2531,2149
PROV_ZIP_4_CD_2769,2150
PROV_ZIP_4_CD_2816,2151
PROV_ZIP_4_CD_2946,2152
PROV_ZIP_4_CD_3003,2153
PROV_ZIP_4_CD_3118,2154
PROV_ZIP_4_CD_3315,2155
PROV_ZIP_4_CD_3756,2156
PROV_ZIP_4_CD_3831,2157
PROV_ZIP_4_CD_3918,2158
PROV_ZIP_4_CD_3966,2159
PROV_ZIP_4_CD_4021,2160
PROV_ZIP_4_CD_4082,2161
PROV_ZIP_4_CD_4300,2162
PROV_ZIP_4_CD_4405,2163
PROV_ZIP_4_CD_5050,2164
PROV_ZIP_4_CD_5200,2165
PROV_ZIP_4_CD_5228,2166
PROV_ZIP_4_CD_5703,2167
PROV_ZIP_4_CD_5853,2168
PROV_ZIP_4_CD_6071,2169
PROV_ZIP_4_CD_6084,2170
PROV_ZIP_4_CD_6411,2171
PROV_ZIP_4_CD_6755,2172
PROV_ZIP_4_CD_6950,2173
PROV_ZIP_4_CD_7003,2174
PROV_ZIP_4_CD_7807,2175
PROV_ZIP_4_CD_8407,2176
PROV_ZIP_4_CD_9001,2177
PROV_ZIP_4_CD_9007,2178
PROV_ZIP_4_CD_9160,2179
PROV_ZIP_4_CD_9998,2180
PROV_ZIP_5_CD_01805,2181
PROV_ZIP_5_CD_02241,2182
PROV_ZIP_5_CD_02284,2183
PROV_ZIP_5_CD_04915,2184
PROV_ZIP_5_CD_07407,2185
PROV_ZIP_5_CD_10087,2186
PROV_ZIP_5_CD_15251,2187
PROV_ZIP_5_CD_15264,2188
PROV_ZIP_5_CD_19101,2189
PROV_ZIP_5_CD_19178,2190
PROV_ZIP_5_CD_19182,2191
PROV_ZIP_5_CD_19195,2192
PROV_ZIP_5_CD_21264,2193
PROV_ZIP_5_CD_21275,2194
PROV_ZIP_5_CD_21279,2195
PROV_ZIP_5_CD_21297,2196
PROV_ZIP_5_CD_25601,2197
PROV_ZIP_5_CD_26507,2198
PROV_ZIP_5_CD_27215,2199
PROV_ZIP_5_CD_27216,2200
PROV_ZIP_5_CD_28260,2201
PROV_ZIP_5_CD_28275,2202
PROV_ZIP_5_CD_28289,2203
PROV_ZIP_5_CD_30342,2204
PROV_ZIP_5_CD_30353,2205
PROV_ZIP_5_CD_30368,2206
PROV_ZIP_5_CD_30374,2207
PROV_ZIP_5_CD_30384,2208
PROV_ZIP_5_CD_30392,2209
PROV_ZIP_5_CD_31193,2210
PROV_ZIP_5_CD_32886,2211
PROV_ZIP_5_CD_37027,2212
PROV_ZIP_5_CD_40295,2213
PROV_ZIP_5_CD_43260,2214
PROV_ZIP_5_CD_44087,2215
PROV_ZIP_5_CD_44101,2216
PROV_ZIP_5_CD_44193,2217
PROV_ZIP_5_CD_45263,2218
PROV_ZIP_5_CD_45271,2219
PROV_ZIP_5_CD_46206,2220
PROV_ZIP_5_CD_48267,2221
PROV_ZIP_5_CD_48278,2222
PROV_ZIP_5_CD_53234,2223
PROV_ZIP_5_CD_53278,2224
PROV_ZIP_5_CD_53288,2225
PROV_ZIP_5_CD_54449,2226
PROV_ZIP_5_CD_55485,2227
PROV_ZIP_5_CD_55486,2228
PROV_ZIP_5_CD_60122,2229
PROV_ZIP_5_CD_60197,2230
PROV_ZIP_5_CD_60673,2231
PROV_ZIP_5_CD_60674,2232
PROV_ZIP_5_CD_60675,2233
PROV_ZIP_5_CD_60677,2234
PROV_ZIP_5_CD_60680,2235
PROV_ZIP_5_CD_60686,2236
PROV_ZIP_5_CD_60693,2237
PROV_ZIP_5_CD_60696,2238
PROV_ZIP_5_CD_63160,2239
PROV_ZIP_5_CD_63195,2240
PROV_ZIP_5_CD_64184,2241
PROV_ZIP_5_CD_75267,2242
PROV_ZIP_5_CD_75284,2243
PROV_ZIP_5_CD_75320,2244
PROV_ZIP_5_CD_75373,2245
PROV_ZIP_5_CD_75391,2246
PROV_ZIP_5_CD_77210,2247
PROV_ZIP_5_CD_78714,2248
PROV_ZIP_5_CD_80217,2249
PROV_ZIP_5_CD_80256,2250
PROV_ZIP_5_CD_80291,2251
PROV_ZIP_5_CD_81401,2252
PROV_ZIP_5_CD_84126,2253
PROV_ZIP_5_CD_84127,2254
PROV_ZIP_5_CD_85003,2255
PROV_ZIP_5_CD_89193,2256
PROV_ZIP_5_CD_90048,2257
PROV_ZIP_5_CD_90051,2258
PROV_ZIP_5_CD_90054,2259
PROV_ZIP_5_CD_90074,2260
PROV_ZIP_5_CD_90084,2261
PROV_ZIP_5_CD_90503,2262
PROV_ZIP_5_CD_90505,2263
PROV_ZIP_5_CD_90801,2264
PROV_ZIP_5_CD_91105,2265
PROV_ZIP_5_CD_91110,2266
PROV_ZIP_5_CD_91185,2267
PROV_ZIP_5_CD_91189,2268
PROV_ZIP_5_CD_91199,2269
PROV_ZIP_5_CD_91367,2270
PROV_ZIP_5_CD_91405,2271
PROV_ZIP_5_CD_92150,2272
PROV_ZIP_5_CD_92618,2273
PROV_ZIP_5_CD_92626,2274
PROV_ZIP_5_CD_92660,2275
PROV_ZIP_5_CD_92697,2276
PROV_ZIP_5_CD_92780,2277
PROV_ZIP_5_CD_93003,2278
PROV_ZIP_5_CD_93160,2279
PROV_ZIP_5_CD_93291,2280
PROV_ZIP_5_CD_93710,2281
PROV_ZIP_5_CD_93720,2282
PROV_ZIP_5_CD_93729,2283
PROV_ZIP_5_CD_94139,2284
PROV_ZIP_5_CD_94145,2285
PROV_ZIP_5_CD_94720,2286
PROV_ZIP_5_CD_95358,2287
PROV_ZIP_5_CD_95827,2288
PROV_ZIP_5_CD_95865,2289
PROV_ZIP_5_CD_95945,2290
PROV_ZIP_5_CD_99210,2291
PRVDR_STATUS_NON-PAR,2292
PRVDR_STATUS_PAR,2293
RNDRG_TXNMY_CD_103K00000X,2294
RNDRG_TXNMY_CD_1041C0700X,2295
RNDRG_TXNMY_CD_111N00000X,2296
RNDRG_TXNMY_CD_152W00000X,2297
RNDRG_TXNMY_CD_174400000X,2298
RNDRG_TXNMY_CD_193200000X,2299
RNDRG_TXNMY_CD_207K00000X,2300
RNDRG_TXNMY_CD_207L00000X,2301
RNDRG_TXNMY_CD_207N00000X,2302
RNDRG_TXNMY_CD_207P00000X,2303
RNDRG_TXNMY_CD_207Q00000X,2304
RNDRG_TXNMY_CD_207R00000X,2305
RNDRG_TXNMY_CD_207RC0000X,2306
RNDRG_TXNMY_CD_207RE0101X,2307
RNDRG_TXNMY_CD_207RG0100X,2308
RNDRG_TXNMY_CD_207RH0003X,2309
RNDRG_TXNMY_CD_207RI0011X,2310
RNDRG_TXNMY_CD_207RI0200X,2311
RNDRG_TXNMY_CD_207RN0300X,2312
RNDRG_TXNMY_CD_207RP1001X,2313
RNDRG_TXNMY_CD_207RR0500X,2314
RNDRG_TXNMY_CD_207RX0202X,2315
RNDRG_TXNMY_CD_207V00000X,2316
RNDRG_TXNMY_CD_207W00000X,2317
RNDRG_TXNMY_CD_207X00000X,2318
RNDRG_TXNMY_CD_207Y00000X,2319
RNDRG_TXNMY_CD_207ZP0102X,2320
RNDRG_TXNMY_CD_208000000X,2321
RNDRG_TXNMY_CD_2080N0001X,2322
RNDRG_TXNMY_CD_208100000X,2323
RNDRG_TXNMY_CD_2084N0400X,2324
RNDRG_TXNMY_CD_2084P0800X,2325
RNDRG_TXNMY_CD_2085R0001X,2326
RNDRG_TXNMY_CD_2085R0202X,2327
RNDRG_TXNMY_CD_208600000X,2328
RNDRG_TXNMY_CD_208800000X,2329
RNDRG_TXNMY_CD_208D00000X,2330
RNDRG_TXNMY_CD_208M00000X,2331
RNDRG_TXNMY_CD_213E00000X,2332
RNDRG_TXNMY_CD_213ES0103X,2333
RNDRG_TXNMY_CD_225100000X,2334
RNDRG_TXNMY_CD_225X00000X,2335
RNDRG_TXNMY_CD_235Z00000X,2336
RNDRG_TXNMY_CD_261QU0200X,2337
RNDRG_TXNMY_CD_291U00000X,2338
RNDRG_TXNMY_CD_332B00000X,2339
RNDRG_TXNMY_CD_363A00000X,2340
RNDRG_TXNMY_CD_363AM0700X,2341
RNDRG_TXNMY_CD_363L00000X,2342
RNDRG_TXNMY_CD_363LF0000X,2343
RNDRG_TXNMY_CD_367500000X,2344
RNDRG_TXNMY_CD_390200000X,2345
SBSCRBR_ZIP_4_CD_0000,2346
SBSCRBR_ZIP_4_CD_9998,2347
SBSCRBR_ZIP_5_CD_90024,2348
SBSCRBR_ZIP_5_CD_90049,2349
SBSCRBR_ZIP_5_CD_90066,2350
SBSCRBR_ZIP_5_CD_93065,2351
SBSCRBR_ZIP_5_CD_93257,2352
SBSCRBR_ZIP_5_CD_93274,2353
SBSCRBR_ZIP_5_CD_93277,2354
SBSCRBR_ZIP_5_CD_93291,2355
SBSCRBR_ZIP_5_CD_93312,2356
SBSCRBR_ZIP_5_CD_95991,2357
SRVC_TYPE_CURNT_CD_DN,2358
SRVC_TYPE_CURNT_CD_NH,2359
SRVC_TYPE_CURNT_CD_NM,2360
SRVC_TYPE_CURNT_CD_PT,2361
SRVC_TYPE_ORGNL_CD_DN,2362
SRVC_TYPE_ORGNL_CD_MD,2363
SRVC_TYPE_ORGNL_CD_NH,2364
SRVC_TYPE_ORGNL_CD_NM,2365
SRVC_TYPE_ORGNL_CD_PT,2366
TOS_TYPE_CD_AMB,2367
TOS_TYPE_CD_ANC,2368
TOS_TYPE_CD_CHE,2369
TOS_TYPE_CD_CON,2370
TOS_TYPE_CD_DEN,2371
TOS_TYPE_CD_DME,2372
TOS_TYPE_CD_DXL,2373
TOS_TYPE_CD_ERP,2374
TOS_TYPE_CD_HEM,2375
TOS_TYPE_CD_HHC,2376
TOS_TYPE_CD_HSV,2377
TOS_TYPE_CD_MWH,2378
TOS_TYPE_CD_OPH,2379
TOS_TYPE_CD_PAN,2380
TOS_TYPE_CD_PAS,2381
TOS_TYPE_CD_PHO,2382
TOS_TYPE_CD_PHT,2383
TOS_TYPE_CD_PRV,2384
TOS_TYPE_CD_PSY,2385
TOS_TYPE_CD_RAB,2386
TOS_TYPE_CD_RAD,2387
TOS_TYPE_CD_SNF,2388
TOS_TYPE_CD_SPC,2389
TOS_TYPE_CD_SPT,2390
TOS_TYPE_CD_SRG,2391
TOS_TYPE_CD_SUP,2392
TOS_TYPE_CD_VIS,2393
TRTMNT_TYPE_CD_02,2394
TRTMNT_TYPE_CD_03,2395
TRTMNT_TYPE_CD_04,2396
TRTMNT_TYPE_CD_05,2397
TRTMNT_TYPE_CD_06,2398
TRTMNT_TYPE_CD_07,2399
TRTMNT_TYPE_CD_08,2400
TRTMNT_TYPE_CD_10,2401
TRTMNT_TYPE_CD_12,2402
TRTMNT_TYPE_CD_13,2403
TRTMNT_TYPE_CD_14,2404
TRTMNT_TYPE_CD_15,2405
TRTMNT_TYPE_CD_17,2406
TRTMNT_TYPE_CD_18,2407
TRTMNT_TYPE_CD_25,2408
TRTMNT_TYPE_CD_26,2409
TRTMNT_TYPE_CD_31,2410
TRTMNT_TYPE_CD_32,2411
TRTMNT_TYPE_CD_33,2412
TRTMNT_TYPE_CD_35,2413
TRTMNT_TYPE_CD_36,2414
TRTMNT_TYPE_CD_44,2415
TRTMNT_TYPE_CD_47,2416
TRTMNT_TYPE_CD_56,2417
TRTMNT_TYPE_CD_57,2418
TRTMNT_TYPE_CD_66,2419
TRTMNT_TYPE_CD_77,2420
TRTMNT_TYPE_CD_78,2421
TRTMNT_TYPE_CD_81,2422
TRTMNT_TYPE_CD_87,2423
TRTMNT_TYPE_CD_95,2424
TRTMNT_TYPE_CD_96,2425
TRTMNT_TYPE_CD_97,2426
TYPE_OF_BILL_CD_0,2427
TYPE_OF_BILL_CD_1,2428
TYPE_OF_BILL_CD_2,2429
TYPE_OF_BILL_CD_3,2430
TYPE_OF_BILL_CD_4,2431
TYPE_OF_BILL_CD_7,2432
TYPE_OF_BILL_CD_8,2433
TYPE_OF_BILL_CD_9,2434
TOTL_CHRG_AMT,2435
COB_BSIC_PAYMNT_AMT,2436
COB_MM_PAYMNT_AMT,2437
COB_SGMNT_CNT,2438
MEDCR_CNT,2439
PAT_AGE_NBR,2440
MM_PAY_AMT,2441
BSIC_PAYMNT_AMT,2442
DTL_LINE_NBR,2443
MEDCRB_APPV_EQU_PAID,2444
MEDCRB_TWO_ZERO,2445
SRVC_OUT_BNFT,2446
SRVC_OVERLAP_BNFT,2447
SRVC_OUT_MBR,2448
SRVC_OVERLAP_MBR,2449
