col,VAR
0,Revenue_CD_0012M
1,Revenue_CD_00170
2,Revenue_CD_0022
3,Revenue_CD_00731
4,Revenue_CD_00952
5,Revenue_CD_01001
6,Revenue_CD_01002
7,Revenue_CD_0120
8,Revenue_CD_0121
9,Revenue_CD_0122
10,Revenue_CD_0126
11,Revenue_CD_0156
12,Revenue_CD_0192
13,Revenue_CD_01922
14,Revenue_CD_0193
15,Revenue_CD_01967
16,Revenue_CD_01968
17,Revenue_CD_0206
18,Revenue_CD_0250
19,Revenue_CD_0255
20,Revenue_CD_0258
21,Revenue_CD_0260
22,Revenue_CD_0270
23,Revenue_CD_0271
24,Revenue_CD_0272
25,Revenue_CD_0274
26,Revenue_CD_0278
27,Revenue_CD_0300
28,Revenue_CD_0301
29,Revenue_CD_0302
30,Revenue_CD_0304
31,Revenue_CD_0305
32,Revenue_CD_0306
33,Revenue_CD_0307
34,Revenue_CD_0310
35,Revenue_CD_0311
36,Revenue_CD_0312
37,Revenue_CD_0320
38,Revenue_CD_0324
39,Revenue_CD_0350
40,Revenue_CD_0351
41,Revenue_CD_0352
42,Revenue_CD_0360
43,Revenue_CD_0361
44,Revenue_CD_0364T
45,Revenue_CD_0365T
46,Revenue_CD_0368T
47,Revenue_CD_0369T
48,Revenue_CD_0370
49,Revenue_CD_0370T
50,Revenue_CD_0390
51,Revenue_CD_0391
52,Revenue_CD_0402
53,Revenue_CD_0410
54,Revenue_CD_0412
55,Revenue_CD_0420
56,Revenue_CD_0421
57,Revenue_CD_0424
58,Revenue_CD_0430
59,Revenue_CD_0431
60,Revenue_CD_0434
61,Revenue_CD_0440
62,Revenue_CD_0444
63,Revenue_CD_0450
64,Revenue_CD_0451
65,Revenue_CD_0460
66,Revenue_CD_0480
67,Revenue_CD_0483
68,Revenue_CD_0490
69,Revenue_CD_0502F
70,Revenue_CD_0510
71,Revenue_CD_0551
72,Revenue_CD_0582
73,Revenue_CD_0610
74,Revenue_CD_0623
75,Revenue_CD_0636
76,Revenue_CD_0640
77,Revenue_CD_0651
78,Revenue_CD_0656
79,Revenue_CD_0682
80,Revenue_CD_0683
81,Revenue_CD_0710
82,Revenue_CD_0720
83,Revenue_CD_0721
84,Revenue_CD_0722
85,Revenue_CD_0730
86,Revenue_CD_0740
87,Revenue_CD_0750
88,Revenue_CD_0761
89,Revenue_CD_0762
90,Revenue_CD_0801
91,Revenue_CD_0821
92,Revenue_CD_0851
93,Revenue_CD_0906
94,Revenue_CD_0918
95,Revenue_CD_0920
96,Revenue_CD_0921
97,Revenue_CD_10005
98,Revenue_CD_1036F
99,Revenue_CD_11042
100,Revenue_CD_11102
101,Revenue_CD_11104
102,Revenue_CD_1111F
103,Revenue_CD_1125F
104,Revenue_CD_1126F
105,Revenue_CD_1160F
106,Revenue_CD_11981
107,Revenue_CD_15275
108,Revenue_CD_17000
109,Revenue_CD_17003
110,Revenue_CD_17004
111,Revenue_CD_2022F
112,Revenue_CD_20552
113,Revenue_CD_20553
114,Revenue_CD_20610
115,Revenue_CD_21085
116,Revenue_CD_22214
117,Revenue_CD_22551
118,Revenue_CD_22612
119,Revenue_CD_22614
120,Revenue_CD_22830
121,Revenue_CD_22840
122,Revenue_CD_22845
123,Revenue_CD_22852
124,Revenue_CD_22853
125,Revenue_CD_22855
126,Revenue_CD_23472
127,Revenue_CD_26535
128,Revenue_CD_3008F
129,Revenue_CD_3017F
130,Revenue_CD_3045F
131,Revenue_CD_3048F
132,Revenue_CD_3061F
133,Revenue_CD_3074F
134,Revenue_CD_3075F
135,Revenue_CD_3077F
136,Revenue_CD_3078F
137,Revenue_CD_3079F
138,Revenue_CD_31231
139,Revenue_CD_31575
140,Revenue_CD_3320F
141,Revenue_CD_3351F
142,Revenue_CD_3352F
143,Revenue_CD_35656
144,Revenue_CD_36415
145,Revenue_CD_36475
146,Revenue_CD_36561
147,Revenue_CD_36591
148,Revenue_CD_36830
149,Revenue_CD_37607
150,Revenue_CD_43235
151,Revenue_CD_43239
152,Revenue_CD_43281
153,Revenue_CD_43644
154,Revenue_CD_43775
155,Revenue_CD_44626
156,Revenue_CD_49560
157,Revenue_CD_49568
158,Revenue_CD_51728
159,Revenue_CD_51741
160,Revenue_CD_51784
161,Revenue_CD_51797
162,Revenue_CD_52000
163,Revenue_CD_52005
164,Revenue_CD_52204
165,Revenue_CD_52234
166,Revenue_CD_52351
167,Revenue_CD_58300
168,Revenue_CD_58301
169,Revenue_CD_58558
170,Revenue_CD_59400
171,Revenue_CD_59510
172,Revenue_CD_62321
173,Revenue_CD_63042
174,Revenue_CD_63707
175,Revenue_CD_64405
176,Revenue_CD_64455
177,Revenue_CD_64483
178,Revenue_CD_64493
179,Revenue_CD_64494
180,Revenue_CD_64495
181,Revenue_CD_64615
182,Revenue_CD_64616
183,Revenue_CD_64635
184,Revenue_CD_64636
185,Revenue_CD_66170
186,Revenue_CD_66821
187,Revenue_CD_66850
188,Revenue_CD_67010
189,Revenue_CD_67028
190,Revenue_CD_70355
191,Revenue_CD_70486
192,Revenue_CD_70491
193,Revenue_CD_70544
194,Revenue_CD_70545
195,Revenue_CD_70551
196,Revenue_CD_70553
197,Revenue_CD_71046
198,Revenue_CD_71275
199,Revenue_CD_72040
200,Revenue_CD_72100
201,Revenue_CD_72110
202,Revenue_CD_72170
203,Revenue_CD_73030
204,Revenue_CD_73060
205,Revenue_CD_73090
206,Revenue_CD_73120
207,Revenue_CD_73130
208,Revenue_CD_73502
209,Revenue_CD_73560
210,Revenue_CD_73564
211,Revenue_CD_73600
212,Revenue_CD_73610
213,Revenue_CD_73630
214,Revenue_CD_73721
215,Revenue_CD_74176
216,Revenue_CD_74177
217,Revenue_CD_74178
218,Revenue_CD_74420
219,Revenue_CD_76376
220,Revenue_CD_76642
221,Revenue_CD_76705
222,Revenue_CD_76770
223,Revenue_CD_76805
224,Revenue_CD_76817
225,Revenue_CD_76819
226,Revenue_CD_76830
227,Revenue_CD_76937
228,Revenue_CD_77001
229,Revenue_CD_77014
230,Revenue_CD_77061
231,Revenue_CD_77063
232,Revenue_CD_77065
233,Revenue_CD_77066
234,Revenue_CD_77067
235,Revenue_CD_77263
236,Revenue_CD_80048
237,Revenue_CD_80050
238,Revenue_CD_80053
239,Revenue_CD_80055
240,Revenue_CD_80061
241,Revenue_CD_80076
242,Revenue_CD_80156
243,Revenue_CD_80299
244,Revenue_CD_80305
245,Revenue_CD_80307
246,Revenue_CD_81000
247,Revenue_CD_81001
248,Revenue_CD_81002
249,Revenue_CD_81003
250,Revenue_CD_81025
251,Revenue_CD_81226
252,Revenue_CD_81227
253,Revenue_CD_81230
254,Revenue_CD_81231
255,Revenue_CD_81256
256,Revenue_CD_81291
257,Revenue_CD_81479
258,Revenue_CD_82024
259,Revenue_CD_82040
260,Revenue_CD_82043
261,Revenue_CD_82103
262,Revenue_CD_82104
263,Revenue_CD_82136
264,Revenue_CD_82140
265,Revenue_CD_82150
266,Revenue_CD_82157
267,Revenue_CD_82172
268,Revenue_CD_82248
269,Revenue_CD_82274
270,Revenue_CD_82306
271,Revenue_CD_82397
272,Revenue_CD_82435
273,Revenue_CD_82533
274,Revenue_CD_82542
275,Revenue_CD_82550
276,Revenue_CD_82565
277,Revenue_CD_82570
278,Revenue_CD_82607
279,Revenue_CD_82610
280,Revenue_CD_82626
281,Revenue_CD_82627
282,Revenue_CD_82656
283,Revenue_CD_82670
284,Revenue_CD_82677
285,Revenue_CD_82679
286,Revenue_CD_82715
287,Revenue_CD_82725
288,Revenue_CD_82726
289,Revenue_CD_82728
290,Revenue_CD_82746
291,Revenue_CD_82747
292,Revenue_CD_82784
293,Revenue_CD_82785
294,Revenue_CD_82962
295,Revenue_CD_82977
296,Revenue_CD_82985
297,Revenue_CD_83001
298,Revenue_CD_83002
299,Revenue_CD_83036
300,Revenue_CD_83090
301,Revenue_CD_83498
302,Revenue_CD_83516
303,Revenue_CD_83519
304,Revenue_CD_83520
305,Revenue_CD_83525
306,Revenue_CD_83540
307,Revenue_CD_83550
308,Revenue_CD_83615
309,Revenue_CD_83690
310,Revenue_CD_83695
311,Revenue_CD_83698
312,Revenue_CD_83719
313,Revenue_CD_83721
314,Revenue_CD_83735
315,Revenue_CD_83789
316,Revenue_CD_83876
317,Revenue_CD_83880
318,Revenue_CD_83883
319,Revenue_CD_83921
320,Revenue_CD_83970
321,Revenue_CD_83993
322,Revenue_CD_84100
323,Revenue_CD_84132
324,Revenue_CD_84140
325,Revenue_CD_84144
326,Revenue_CD_84146
327,Revenue_CD_84153
328,Revenue_CD_84155
329,Revenue_CD_84206
330,Revenue_CD_84270
331,Revenue_CD_84295
332,Revenue_CD_84305
333,Revenue_CD_84311
334,Revenue_CD_84378
335,Revenue_CD_84402
336,Revenue_CD_84403
337,Revenue_CD_84432
338,Revenue_CD_84439
339,Revenue_CD_84443
340,Revenue_CD_84481
341,Revenue_CD_84482
342,Revenue_CD_84484
343,Revenue_CD_84520
344,Revenue_CD_84550
345,Revenue_CD_84681
346,Revenue_CD_84702
347,Revenue_CD_85007
348,Revenue_CD_85014
349,Revenue_CD_85025
350,Revenue_CD_85027
351,Revenue_CD_85060
352,Revenue_CD_85097
353,Revenue_CD_85385
354,Revenue_CD_85597
355,Revenue_CD_85598
356,Revenue_CD_85610
357,Revenue_CD_85613
358,Revenue_CD_85651
359,Revenue_CD_85652
360,Revenue_CD_85670
361,Revenue_CD_85730
362,Revenue_CD_86003
363,Revenue_CD_86038
364,Revenue_CD_86141
365,Revenue_CD_86146
366,Revenue_CD_86147
367,Revenue_CD_86148
368,Revenue_CD_86160
369,Revenue_CD_86162
370,Revenue_CD_86200
371,Revenue_CD_86225
372,Revenue_CD_86235
373,Revenue_CD_86304
374,Revenue_CD_86341
375,Revenue_CD_86376
376,Revenue_CD_86403
377,Revenue_CD_86431
378,Revenue_CD_86592
379,Revenue_CD_86593
380,Revenue_CD_86618
381,Revenue_CD_86787
382,Revenue_CD_86800
383,Revenue_CD_86803
384,Revenue_CD_86850
385,Revenue_CD_86900
386,Revenue_CD_86901
387,Revenue_CD_87045
388,Revenue_CD_87046
389,Revenue_CD_87070
390,Revenue_CD_87071
391,Revenue_CD_87075
392,Revenue_CD_87086
393,Revenue_CD_87088
394,Revenue_CD_87102
395,Revenue_CD_87106
396,Revenue_CD_87389
397,Revenue_CD_87400
398,Revenue_CD_87491
399,Revenue_CD_87536
400,Revenue_CD_87591
401,Revenue_CD_87641
402,Revenue_CD_87804
403,Revenue_CD_87880
404,Revenue_CD_88112
405,Revenue_CD_88175
406,Revenue_CD_88189
407,Revenue_CD_88305
408,Revenue_CD_88311
409,Revenue_CD_88313
410,Revenue_CD_88341
411,Revenue_CD_88342
412,Revenue_CD_88374
413,Revenue_CD_88387
414,Revenue_CD_89321
415,Revenue_CD_90460
416,Revenue_CD_90461
417,Revenue_CD_90471
418,Revenue_CD_90472
419,Revenue_CD_90621
420,Revenue_CD_90633
421,Revenue_CD_90686
422,Revenue_CD_90688
423,Revenue_CD_90707
424,Revenue_CD_90715
425,Revenue_CD_90716
426,Revenue_CD_90734
427,Revenue_CD_90785
428,Revenue_CD_90791
429,Revenue_CD_90832
430,Revenue_CD_90833
431,Revenue_CD_90834
432,Revenue_CD_90836
433,Revenue_CD_90837
434,Revenue_CD_90868
435,Revenue_CD_90945
436,Revenue_CD_90999
437,Revenue_CD_91010
438,Revenue_CD_91035
439,Revenue_CD_92004
440,Revenue_CD_92012
441,Revenue_CD_92014
442,Revenue_CD_92015
443,Revenue_CD_92020
444,Revenue_CD_92083
445,Revenue_CD_92134
446,Revenue_CD_92145
447,Revenue_CD_92226
448,Revenue_CD_92250
449,Revenue_CD_92504
450,Revenue_CD_92507
451,Revenue_CD_92526
452,Revenue_CD_92551
453,Revenue_CD_92567
454,Revenue_CD_92700
455,Revenue_CD_92937
456,Revenue_CD_93000
457,Revenue_CD_93005
458,Revenue_CD_93010
459,Revenue_CD_93306
460,Revenue_CD_93613
461,Revenue_CD_93662
462,Revenue_CD_94760
463,Revenue_CD_95117
464,Revenue_CD_95819
465,Revenue_CD_95874
466,Revenue_CD_95992
467,Revenue_CD_96103
468,Revenue_CD_96130
469,Revenue_CD_96131
470,Revenue_CD_96151
471,Revenue_CD_96160
472,Revenue_CD_96361
473,Revenue_CD_96365
474,Revenue_CD_96366
475,Revenue_CD_96367
476,Revenue_CD_96372
477,Revenue_CD_96374
478,Revenue_CD_96375
479,Revenue_CD_96402
480,Revenue_CD_96411
481,Revenue_CD_96413
482,Revenue_CD_96416
483,Revenue_CD_96417
484,Revenue_CD_96999
485,Revenue_CD_97010
486,Revenue_CD_97012
487,Revenue_CD_97014
488,Revenue_CD_97022
489,Revenue_CD_97026
490,Revenue_CD_97032
491,Revenue_CD_97035
492,Revenue_CD_97110
493,Revenue_CD_97112
494,Revenue_CD_97140
495,Revenue_CD_97150
496,Revenue_CD_97153
497,Revenue_CD_97154
498,Revenue_CD_97155
499,Revenue_CD_97156
500,Revenue_CD_97161
501,Revenue_CD_97162
502,Revenue_CD_97530
503,Revenue_CD_97535
504,Revenue_CD_97607
505,Revenue_CD_97799
506,Revenue_CD_97810
507,Revenue_CD_97811
508,Revenue_CD_97813
509,Revenue_CD_97814
510,Revenue_CD_98927
511,Revenue_CD_98940
512,Revenue_CD_98941
513,Revenue_CD_98942
514,Revenue_CD_98943
515,Revenue_CD_99000
516,Revenue_CD_99050
517,Revenue_CD_99051
518,Revenue_CD_99053
519,Revenue_CD_99140
520,Revenue_CD_99173
521,Revenue_CD_99201
522,Revenue_CD_99202
523,Revenue_CD_99203
524,Revenue_CD_99204
525,Revenue_CD_99205
526,Revenue_CD_99211
527,Revenue_CD_99212
528,Revenue_CD_99213
529,Revenue_CD_99214
530,Revenue_CD_99215
531,Revenue_CD_99219
532,Revenue_CD_99223
533,Revenue_CD_99226
534,Revenue_CD_99231
535,Revenue_CD_99232
536,Revenue_CD_99233
537,Revenue_CD_99239
538,Revenue_CD_99242
539,Revenue_CD_99243
540,Revenue_CD_99244
541,Revenue_CD_99245
542,Revenue_CD_99282
543,Revenue_CD_99283
544,Revenue_CD_99284
545,Revenue_CD_99285
546,Revenue_CD_99291
547,Revenue_CD_99336
548,Revenue_CD_99354
549,Revenue_CD_99382
550,Revenue_CD_99385
551,Revenue_CD_99386
552,Revenue_CD_99393
553,Revenue_CD_99396
554,Revenue_CD_99404
555,Revenue_CD_99444
556,Revenue_CD_99479
557,Revenue_CD_99601
558,Revenue_CD_99602
559,Revenue_CD_A0382
560,Revenue_CD_A0420
561,Revenue_CD_A0422
562,Revenue_CD_A0425
563,Revenue_CD_A0426
564,Revenue_CD_A0427
565,Revenue_CD_A0428
566,Revenue_CD_A0429
567,Revenue_CD_A0434
568,Revenue_CD_A0999
569,Revenue_CD_A4216
570,Revenue_CD_A4222
571,Revenue_CD_A4223
572,Revenue_CD_A4595
573,Revenue_CD_A4604
574,Revenue_CD_A4649
575,Revenue_CD_A4657
576,Revenue_CD_A6216
577,Revenue_CD_A6402
578,Revenue_CD_A7030
579,Revenue_CD_A7031
580,Revenue_CD_A7032
581,Revenue_CD_A7033
582,Revenue_CD_A7034
583,Revenue_CD_A7035
584,Revenue_CD_A7037
585,Revenue_CD_A7038
586,Revenue_CD_A7039
587,Revenue_CD_A7046
588,Revenue_CD_A9270
589,Revenue_CD_A9274
590,Revenue_CD_A9276
591,Revenue_CD_A9277
592,Revenue_CD_A9585
593,Revenue_CD_B4088
594,Revenue_CD_B4161
595,Revenue_CD_B4185
596,Revenue_CD_B9002
597,Revenue_CD_B9998
598,Revenue_CD_C1781
599,Revenue_CD_D0140
600,Revenue_CD_D7230
601,Revenue_CD_E0100
602,Revenue_CD_E0114
603,Revenue_CD_E0143
604,Revenue_CD_E0431
605,Revenue_CD_E0471
606,Revenue_CD_E0486
607,Revenue_CD_E0562
608,Revenue_CD_E0570
609,Revenue_CD_E0601
610,Revenue_CD_E0652
611,Revenue_CD_E0673
612,Revenue_CD_E0675
613,Revenue_CD_E0745
614,Revenue_CD_E0781
615,Revenue_CD_E0950
616,Revenue_CD_E0951
617,Revenue_CD_E0955
618,Revenue_CD_E0956
619,Revenue_CD_E0957
620,Revenue_CD_E0960
621,Revenue_CD_E0971
622,Revenue_CD_E0973
623,Revenue_CD_E0978
624,Revenue_CD_E1028
625,Revenue_CD_E1150
626,Revenue_CD_E1234
627,Revenue_CD_E1390
628,Revenue_CD_E1392
629,Revenue_CD_E2211
630,Revenue_CD_E2213
631,Revenue_CD_E2214
632,Revenue_CD_E2231
633,Revenue_CD_E2609
634,Revenue_CD_E2617
635,Revenue_CD_G0151
636,Revenue_CD_G0152
637,Revenue_CD_G0202
638,Revenue_CD_G0283
639,Revenue_CD_G0299
640,Revenue_CD_G0300
641,Revenue_CD_G0390
642,Revenue_CD_G0399
643,Revenue_CD_G0463
644,Revenue_CD_G0480
645,Revenue_CD_G0481
646,Revenue_CD_G8417
647,Revenue_CD_G8427
648,Revenue_CD_G8432
649,Revenue_CD_G8484
650,Revenue_CD_G8730
651,Revenue_CD_G8732
652,Revenue_CD_G8942
653,Revenue_CD_G9225
654,Revenue_CD_G9551
655,Revenue_CD_G9637
656,Revenue_CD_G9900
657,Revenue_CD_G9903
658,Revenue_CD_H0015
659,Revenue_CD_H0046
660,Revenue_CD_H2017
661,Revenue_CD_J0129
662,Revenue_CD_J0131
663,Revenue_CD_J0135
664,Revenue_CD_J0178
665,Revenue_CD_J0485
666,Revenue_CD_J0585
667,Revenue_CD_J0610
668,Revenue_CD_J0690
669,Revenue_CD_J0696
670,Revenue_CD_J0702
671,Revenue_CD_J0717
672,Revenue_CD_J0743
673,Revenue_CD_J0897
674,Revenue_CD_J1030
675,Revenue_CD_J1040
676,Revenue_CD_J1100
677,Revenue_CD_J1170
678,Revenue_CD_J1200
679,Revenue_CD_J1335
680,Revenue_CD_J1442
681,Revenue_CD_J1459
682,Revenue_CD_J1561
683,Revenue_CD_J1569
684,Revenue_CD_J1630
685,Revenue_CD_J1644
686,Revenue_CD_J1745
687,Revenue_CD_J1756
688,Revenue_CD_J1885
689,Revenue_CD_J1930
690,Revenue_CD_J1940
691,Revenue_CD_J2185
692,Revenue_CD_J2250
693,Revenue_CD_J2260
694,Revenue_CD_J2270
695,Revenue_CD_J2405
696,Revenue_CD_J2505
697,Revenue_CD_J2690
698,Revenue_CD_J2704
699,Revenue_CD_J2710
700,Revenue_CD_J2765
701,Revenue_CD_J2778
702,Revenue_CD_J2930
703,Revenue_CD_J3010
704,Revenue_CD_J3285
705,Revenue_CD_J3301
706,Revenue_CD_J3370
707,Revenue_CD_J3415
708,Revenue_CD_J3420
709,Revenue_CD_J3475
710,Revenue_CD_J3490
711,Revenue_CD_J7030
712,Revenue_CD_J7120
713,Revenue_CD_J7296
714,Revenue_CD_J7298
715,Revenue_CD_J7312
716,Revenue_CD_J7609
717,Revenue_CD_J8499
718,Revenue_CD_J9035
719,Revenue_CD_J9190
720,Revenue_CD_J9217
721,Revenue_CD_J9228
722,Revenue_CD_J9299
723,Revenue_CD_K0040
724,Revenue_CD_L1830
725,Revenue_CD_L1832
726,Revenue_CD_L1906
727,Revenue_CD_L3260
728,Revenue_CD_Q4132
729,Revenue_CD_Q5001
730,Revenue_CD_Q9967
731,Revenue_CD_S0092
732,Revenue_CD_S9090
733,Revenue_CD_S9124
734,Revenue_CD_S9126
735,Revenue_CD_S9326
736,Revenue_CD_S9338
737,Revenue_CD_S9343
738,Revenue_CD_S9347
739,Revenue_CD_S9348
740,Revenue_CD_S9359
741,Revenue_CD_S9361
742,Revenue_CD_S9363
743,Revenue_CD_S9366
744,Revenue_CD_S9374
745,Revenue_CD_S9500
746,Revenue_CD_S9501
747,Revenue_CD_S9502
748,Revenue_CD_T2045
749,Revenue_CD_V5298
750,LMT_CLS_001
751,LMT_CLS_002
752,LMT_CLS_003
753,LMT_CLS_004
754,LMT_CLS_007
755,LMT_CLS_008
756,LMT_CLS_009
757,LMT_CLS_010
758,LMT_CLS_011
759,LMT_CLS_012
760,LMT_CLS_013
761,LMT_CLS_014
762,LMT_CLS_017
763,LMT_CLS_018
764,LMT_CLS_019
765,LMT_CLS_020
766,LMT_CLS_021
767,LMT_CLS_024
768,LMT_CLS_027
769,LMT_CLS_029
770,LMT_CLS_030
771,LMT_CLS_035
772,LMT_CLS_037
773,LMT_CLS_038
774,LMT_CLS_039
775,LMT_CLS_040
776,LMT_CLS_042
777,LMT_CLS_043
778,LMT_CLS_044
779,LMT_CLS_046
780,LMT_CLS_047
781,LMT_CLS_048
782,LMT_CLS_049
783,LMT_CLS_050
784,LMT_CLS_051
785,LMT_CLS_054
786,LMT_CLS_055
787,LMT_CLS_056
788,LMT_CLS_058
789,LMT_CLS_059
790,LMT_CLS_062
791,LMT_CLS_090
792,LMT_CLS_091
793,LMT_CLS_094
794,LMT_CLS_93B
795,LMT_CLS_93C
796,LMT_CLS_A12
797,LMT_CLS_CA1
798,LMT_CLS_CA2
799,LMT_CLS_CA3
800,LMT_CLS_D01
801,LMT_CLS_D02
802,LMT_CLS_D17
803,LMT_CLS_D51
804,LMT_CLS_D52
805,LMT_CLS_D53
806,LMT_CLS_G14
807,LMT_CLS_G17
808,LMT_CLS_G19
809,LMT_CLS_M01
810,LMT_CLS_M17
811,LMT_CLS_S03
812,LMT_CLS_S04
813,LMT_CLS_S05
814,LMT_CLS_U00
815,LMT_CLS_U01
816,LMT_CLS_U02
817,LMT_CLS_U03
818,LMT_CLS_U04
819,LMT_CLS_V19
820,MBU_rollup_Individual - CA
821,MBU_rollup_LOCAL - CA
822,MBU_rollup_LOCAL - GA
823,MBU_rollup_National - WEST
824,MBU_rollup_Small Group - GA
825,state_lob_CA
826,state_lob_GA
827,state_lob_WEST
828,PROV_SPCLTY_CD_090
829,PROV_SPCLTY_CD_091
830,PROV_SPCLTY_CD_094
831,PROV_SPCLTY_CD_100
832,PROV_SPCLTY_CD_111
833,PROV_SPCLTY_CD_125
834,PROV_SPCLTY_CD_128
835,PROV_SPCLTY_CD_175
836,PROV_SPCLTY_CD_200
837,PROV_SPCLTY_CD_225
838,PROV_SPCLTY_CD_235
839,PROV_SPCLTY_CD_255
840,PROV_SPCLTY_CD_273
841,PROV_SPCLTY_CD_275
842,PROV_SPCLTY_CD_276
843,PROV_SPCLTY_CD_277
844,PROV_SPCLTY_CD_278
845,PROV_SPCLTY_CD_279
846,PROV_SPCLTY_CD_281
847,PROV_SPCLTY_CD_282
848,PROV_SPCLTY_CD_283
849,PROV_SPCLTY_CD_284
850,PROV_SPCLTY_CD_285
851,PROV_SPCLTY_CD_287
852,PROV_SPCLTY_CD_292
853,PROV_SPCLTY_CD_300
854,PROV_SPCLTY_CD_322
855,PROV_SPCLTY_CD_325
856,PROV_SPCLTY_CD_375
857,PROV_SPCLTY_CD_377
858,PROV_SPCLTY_CD_400
859,PROV_SPCLTY_CD_425
860,PROV_SPCLTY_CD_450
861,PROV_SPCLTY_CD_475
862,PROV_SPCLTY_CD_500
863,PROV_SPCLTY_CD_501
864,PROV_SPCLTY_CD_503
865,PROV_SPCLTY_CD_514
866,PROV_SPCLTY_CD_525
867,PROV_SPCLTY_CD_526
868,PROV_SPCLTY_CD_530
869,PROV_SPCLTY_CD_537
870,PROV_SPCLTY_CD_538
871,PROV_SPCLTY_CD_539
872,PROV_SPCLTY_CD_550
873,PROV_SPCLTY_CD_575
874,PROV_SPCLTY_CD_650
875,PROV_SPCLTY_CD_654
876,PROV_SPCLTY_CD_675
877,PROV_SPCLTY_CD_676
878,PROV_SPCLTY_CD_677
879,PROV_SPCLTY_CD_679
880,PROV_SPCLTY_CD_690
881,PROV_SPCLTY_CD_700
882,PROV_SPCLTY_CD_703
883,PROV_SPCLTY_CD_704
884,PROV_SPCLTY_CD_750
885,PROV_SPCLTY_CD_775
886,PROV_SPCLTY_CD_800
887,PROV_SPCLTY_CD_804
888,PROV_SPCLTY_CD_806
889,PROV_SPCLTY_CD_811
890,PROV_SPCLTY_CD_821
891,PROV_SPCLTY_CD_878
892,PROV_SPCLTY_CD_900
893,PROV_SPCLTY_CD_902
894,PROV_SPCLTY_CD_903
895,PROV_SPCLTY_CD_928
896,PROV_SPCLTY_CD_D02
897,PROV_SPCLTY_CD_D06
898,PROV_SPCLTY_CD_DC1
899,PROV_SPCLTY_CD_E01
900,PROV_SPCLTY_CD_H03
901,PROV_SPCLTY_CD_H04
902,PROV_SPCLTY_CD_H09
903,PROV_SPCLTY_CD_L02
904,PROV_SPCLTY_CD_L04
905,PROV_SPCLTY_CD_L05
906,PROV_SPCLTY_CD_M10
907,PROV_SPCLTY_CD_N04
908,PROV_SPCLTY_CD_N18
909,PROV_SPCLTY_CD_P01
910,PROV_SPCLTY_CD_P02
911,PROV_SPCLTY_CD_P03
912,PROV_SPCLTY_CD_P06
913,PROV_SPCLTY_CD_P08
914,PROV_SPCLTY_CD_T01
915,PROV_SPCLTY_CD_T02
916,PROV_SPCLTY_CD_T03
917,PROV_SPCLTY_CD_T04
918,PROV_SPCLTY_CD_T06
919,PROV_SPCLTY_CD_T07
920,PROV_SPCLTY_CD_V01
921,PROV_SPCLTY_CD_V04
922,PROV_SPCLTY_CD_V07
923,PROV_SPCLTY_CD_V13
924,PROV_SPCLTY_CD_Z03
925,HCFA_PT_CD_11
926,HCFA_PT_CD_12
927,HCFA_PT_CD_13
928,HCFA_PT_CD_17
929,HCFA_PT_CD_20
930,HCFA_PT_CD_21
931,HCFA_PT_CD_22
932,HCFA_PT_CD_23
933,HCFA_PT_CD_24
934,HCFA_PT_CD_41
935,HCFA_PT_CD_50
936,HCFA_PT_CD_53
937,HCFA_PT_CD_81
938,MBR_CNTRCT_CD_0002
939,MBR_CNTRCT_CD_00Y3
940,MBR_CNTRCT_CD_00Y4
941,MBR_CNTRCT_CD_02QR
942,MBR_CNTRCT_CD_05WW
943,MBR_CNTRCT_CD_08ZN
944,MBR_CNTRCT_CD_08ZP
945,MBR_CNTRCT_CD_092Z
946,MBR_CNTRCT_CD_09NN
947,MBR_CNTRCT_CD_0AQ5
948,MBR_CNTRCT_CD_0BSG
949,MBR_CNTRCT_CD_0DA5
950,MBR_CNTRCT_CD_0DNM
951,MBR_CNTRCT_CD_0FKW
952,MBR_CNTRCT_CD_0G6W
953,MBR_CNTRCT_CD_0JKF
954,MBR_CNTRCT_CD_0JMT
955,MBR_CNTRCT_CD_0JT4
956,MBR_CNTRCT_CD_0K3W
957,MBR_CNTRCT_CD_0K43
958,MBR_CNTRCT_CD_0MME
959,MBR_CNTRCT_CD_0QAB
960,MBR_CNTRCT_CD_0QAC
961,MBR_CNTRCT_CD_0QAD
962,MBR_CNTRCT_CD_0QAE
963,MBR_CNTRCT_CD_0U9X
964,MBR_CNTRCT_CD_0UVK
965,MBR_CNTRCT_CD_1393
966,MBR_CNTRCT_CD_1518
967,MBR_CNTRCT_CD_1575
968,MBR_CNTRCT_CD_1871
969,MBR_CNTRCT_CD_1920
970,MBR_CNTRCT_CD_1DCM
971,MBR_CNTRCT_CD_1DH9
972,MBR_CNTRCT_CD_1ECZ
973,MBR_CNTRCT_CD_1ED1
974,MBR_CNTRCT_CD_1FHX
975,MBR_CNTRCT_CD_1FHY
976,MBR_CNTRCT_CD_1FHZ
977,MBR_CNTRCT_CD_1FMV
978,MBR_CNTRCT_CD_1J9P
979,MBR_CNTRCT_CD_1JPJ
980,MBR_CNTRCT_CD_1JQ3
981,MBR_CNTRCT_CD_1U01
982,MBR_CNTRCT_CD_1V7G
983,MBR_CNTRCT_CD_1VBL
984,MBR_CNTRCT_CD_1WMB
985,MBR_CNTRCT_CD_20BR
986,MBR_CNTRCT_CD_28WS
987,MBR_CNTRCT_CD_2CB8
988,MBR_CNTRCT_CD_2CD3
989,MBR_CNTRCT_CD_2CS2
990,MBR_CNTRCT_CD_2CS6
991,MBR_CNTRCT_CD_2CUG
992,MBR_CNTRCT_CD_2DH2
993,MBR_CNTRCT_CD_2EJE
994,MBR_CNTRCT_CD_2LVB
995,MBR_CNTRCT_CD_2M90
996,MBR_CNTRCT_CD_2NMG
997,MBR_CNTRCT_CD_2NRM
998,MBR_CNTRCT_CD_2NS5
999,MBR_CNTRCT_CD_2NXS
1000,MBR_CNTRCT_CD_2NYB
1001,MBR_CNTRCT_CD_2NZM
1002,MBR_CNTRCT_CD_2NZN
1003,MBR_CNTRCT_CD_2P03
1004,MBR_CNTRCT_CD_2P05
1005,MBR_CNTRCT_CD_2P07
1006,MBR_CNTRCT_CD_2P0P
1007,MBR_CNTRCT_CD_2P13
1008,MBR_CNTRCT_CD_2P1H
1009,MBR_CNTRCT_CD_2P1V
1010,MBR_CNTRCT_CD_2P36
1011,MBR_CNTRCT_CD_2P3F
1012,MBR_CNTRCT_CD_2P4C
1013,MBR_CNTRCT_CD_2P52
1014,MBR_CNTRCT_CD_2P5Y
1015,MBR_CNTRCT_CD_2P5Z
1016,MBR_CNTRCT_CD_2P62
1017,MBR_CNTRCT_CD_2P6S
1018,MBR_CNTRCT_CD_2P71
1019,MBR_CNTRCT_CD_2P75
1020,MBR_CNTRCT_CD_2P7F
1021,MBR_CNTRCT_CD_2PB9
1022,MBR_CNTRCT_CD_2PBU
1023,MBR_CNTRCT_CD_2PCE
1024,MBR_CNTRCT_CD_2PF3
1025,MBR_CNTRCT_CD_2PH9
1026,MBR_CNTRCT_CD_2QNQ
1027,MBR_CNTRCT_CD_2QNV
1028,MBR_CNTRCT_CD_2QP7
1029,MBR_CNTRCT_CD_2QPW
1030,MBR_CNTRCT_CD_2QRP
1031,MBR_CNTRCT_CD_2R5K
1032,MBR_CNTRCT_CD_2RNE
1033,MBR_CNTRCT_CD_2RUZ
1034,MBR_CNTRCT_CD_2RVN
1035,MBR_CNTRCT_CD_2RXH
1036,MBR_CNTRCT_CD_2S4D
1037,MBR_CNTRCT_CD_2S81
1038,MBR_CNTRCT_CD_2SAZ
1039,MBR_CNTRCT_CD_2SGW
1040,MBR_CNTRCT_CD_2SWC
1041,MBR_CNTRCT_CD_2VRJ
1042,MBR_CNTRCT_CD_2VS3
1043,MBR_CNTRCT_CD_2VSQ
1044,MBR_CNTRCT_CD_2ZAB
1045,MBR_CNTRCT_CD_2ZDF
1046,MBR_CNTRCT_CD_2ZE6
1047,MBR_CNTRCT_CD_2ZLV
1048,MBR_CNTRCT_CD_2ZMU
1049,MBR_CNTRCT_CD_2ZMX
1050,MBR_CNTRCT_CD_2ZN0
1051,MBR_CNTRCT_CD_2ZN1
1052,MBR_CNTRCT_CD_2ZN2
1053,MBR_CNTRCT_CD_2ZN3
1054,MBR_CNTRCT_CD_2ZNF
1055,MBR_CNTRCT_CD_2ZNH
1056,MBR_CNTRCT_CD_2ZNP
1057,MBR_CNTRCT_CD_2ZNW
1058,MBR_CNTRCT_CD_2ZP6
1059,MBR_CNTRCT_CD_2ZQ7
1060,MBR_CNTRCT_CD_2ZRT
1061,MBR_CNTRCT_CD_2ZSB
1062,MBR_CNTRCT_CD_2ZTM
1063,MBR_CNTRCT_CD_2ZU7
1064,MBR_CNTRCT_CD_2ZUF
1065,MBR_CNTRCT_CD_2ZUP
1066,MBR_CNTRCT_CD_2ZUS
1067,MBR_CNTRCT_CD_2ZUT
1068,MBR_CNTRCT_CD_2ZUU
1069,MBR_CNTRCT_CD_2ZUW
1070,MBR_CNTRCT_CD_2ZUY
1071,MBR_CNTRCT_CD_3090
1072,MBR_CNTRCT_CD_309A
1073,MBR_CNTRCT_CD_309B
1074,MBR_CNTRCT_CD_30CT
1075,MBR_CNTRCT_CD_30EP
1076,MBR_CNTRCT_CD_30FE
1077,MBR_CNTRCT_CD_312Q
1078,MBR_CNTRCT_CD_319P
1079,MBR_CNTRCT_CD_31DJ
1080,MBR_CNTRCT_CD_31W7
1081,MBR_CNTRCT_CD_31WQ
1082,MBR_CNTRCT_CD_31WS
1083,MBR_CNTRCT_CD_31WU
1084,MBR_CNTRCT_CD_31Y5
1085,MBR_CNTRCT_CD_32NZ
1086,MBR_CNTRCT_CD_32PC
1087,MBR_CNTRCT_CD_32QN
1088,MBR_CNTRCT_CD_32QV
1089,MBR_CNTRCT_CD_32QW
1090,MBR_CNTRCT_CD_32R7
1091,MBR_CNTRCT_CD_32S9
1092,MBR_CNTRCT_CD_32SE
1093,MBR_CNTRCT_CD_32TK
1094,MBR_CNTRCT_CD_33TZ
1095,MBR_CNTRCT_CD_355X
1096,MBR_CNTRCT_CD_3565
1097,MBR_CNTRCT_CD_357E
1098,MBR_CNTRCT_CD_358N
1099,MBR_CNTRCT_CD_359G
1100,MBR_CNTRCT_CD_35CV
1101,MBR_CNTRCT_CD_35D2
1102,MBR_CNTRCT_CD_35G2
1103,MBR_CNTRCT_CD_35HK
1104,MBR_CNTRCT_CD_35JB
1105,MBR_CNTRCT_CD_35KL
1106,MBR_CNTRCT_CD_35LJ
1107,MBR_CNTRCT_CD_3G21
1108,MBR_CNTRCT_CD_3R3Q
1109,MBR_CNTRCT_CD_3RL8
1110,MBR_CNTRCT_CD_3RLM
1111,MBR_CNTRCT_CD_3RLQ
1112,MBR_CNTRCT_CD_3RN4
1113,MBR_CNTRCT_CD_3RNB
1114,MBR_CNTRCT_CD_3RNC
1115,MBR_CNTRCT_CD_3RNX
1116,MBR_CNTRCT_CD_3RP1
1117,MBR_CNTRCT_CD_3RP3
1118,MBR_CNTRCT_CD_3RP5
1119,MBR_CNTRCT_CD_3RRV
1120,MBR_CNTRCT_CD_3RS9
1121,MBR_CNTRCT_CD_3RSV
1122,MBR_CNTRCT_CD_3RT0
1123,MBR_CNTRCT_CD_3RTF
1124,MBR_CNTRCT_CD_3RTV
1125,MBR_CNTRCT_CD_3RXV
1126,MBR_CNTRCT_CD_3RYL
1127,MBR_CNTRCT_CD_3RZ3
1128,MBR_CNTRCT_CD_3RZ4
1129,MBR_CNTRCT_CD_3S1Z
1130,MBR_CNTRCT_CD_3S3B
1131,MBR_CNTRCT_CD_3S4U
1132,MBR_CNTRCT_CD_3SCP
1133,MBR_CNTRCT_CD_3T1E
1134,MBR_CNTRCT_CD_3T28
1135,MBR_CNTRCT_CD_3T2U
1136,MBR_CNTRCT_CD_3THJ
1137,MBR_CNTRCT_CD_3TLM
1138,MBR_CNTRCT_CD_3TLS
1139,MBR_CNTRCT_CD_3TMU
1140,MBR_CNTRCT_CD_3TND
1141,MBR_CNTRCT_CD_3TNH
1142,MBR_CNTRCT_CD_3TNR
1143,MBR_CNTRCT_CD_3TNV
1144,MBR_CNTRCT_CD_3TP0
1145,MBR_CNTRCT_CD_3TP1
1146,MBR_CNTRCT_CD_3TP8
1147,MBR_CNTRCT_CD_3TQ4
1148,MBR_CNTRCT_CD_3TQB
1149,MBR_CNTRCT_CD_3UWH
1150,MBR_CNTRCT_CD_3XPY
1151,MBR_CNTRCT_CD_3XQB
1152,MBR_CNTRCT_CD_3XRD
1153,MBR_CNTRCT_CD_3XRS
1154,MBR_CNTRCT_CD_3XSL
1155,MBR_CNTRCT_CD_3XT1
1156,MBR_CNTRCT_CD_3XVC
1157,MBR_CNTRCT_CD_3XVD
1158,MBR_CNTRCT_CD_455Y
1159,MBR_CNTRCT_CD_45BJ
1160,MBR_CNTRCT_CD_47S7
1161,MBR_CNTRCT_CD_4820
1162,MBR_CNTRCT_CD_4822
1163,MBR_CNTRCT_CD_4823
1164,MBR_CNTRCT_CD_4828
1165,MBR_CNTRCT_CD_482U
1166,MBR_CNTRCT_CD_4838
1167,MBR_CNTRCT_CD_4839
1168,MBR_CNTRCT_CD_483Y
1169,MBR_CNTRCT_CD_484S
1170,MBR_CNTRCT_CD_484T
1171,MBR_CNTRCT_CD_485R
1172,MBR_CNTRCT_CD_4866
1173,MBR_CNTRCT_CD_486Y
1174,MBR_CNTRCT_CD_4872
1175,MBR_CNTRCT_CD_4876
1176,MBR_CNTRCT_CD_4883
1177,MBR_CNTRCT_CD_489L
1178,MBR_CNTRCT_CD_48A1
1179,MBR_CNTRCT_CD_48AB
1180,MBR_CNTRCT_CD_48AK
1181,MBR_CNTRCT_CD_48C9
1182,MBR_CNTRCT_CD_48DT
1183,MBR_CNTRCT_CD_48HQ
1184,MBR_CNTRCT_CD_48RP
1185,MBR_CNTRCT_CD_48T6
1186,MBR_CNTRCT_CD_48WM
1187,MBR_CNTRCT_CD_4A2N
1188,MBR_CNTRCT_CD_4A30
1189,MBR_CNTRCT_CD_4A49
1190,MBR_CNTRCT_CD_5508
1191,MBR_CNTRCT_CD_5520
1192,MBR_CNTRCT_CD_6267
1193,MBR_CNTRCT_CD_7888
1194,MBR_CNTRCT_CD_7889
1195,MBR_CNTRCT_CD_7891
1196,MBR_CNTRCT_CD_7900
1197,MBR_CNTRCT_CD_8096
1198,MBR_CNTRCT_CD_9059
1199,MBR_CNTRCT_CD_A579
1200,MBR_CNTRCT_CD_BS07
1201,MBR_CNTRCT_CD_BS09
1202,MBR_CNTRCT_CD_C189
1203,MBR_CNTRCT_CD_DL13
1204,MBR_CNTRCT_CD_DN13
1205,MBR_CNTRCT_CD_DN15
1206,MBR_CNTRCT_CD_EC89
1207,MBR_CNTRCT_CD_EC90
1208,MBR_CNTRCT_CD_EC92
1209,MBR_CNTRCT_CD_EH91
1210,MBR_CNTRCT_CD_EH93
1211,MBR_CNTRCT_CD_EH95
1212,MBR_CNTRCT_CD_H062
1213,MBR_CNTRCT_CD_L382
1214,MBR_CNTRCT_CD_NM31
1215,MBR_CNTRCT_CD_PE25
1216,MBR_CNTRCT_CD_PE48
1217,MBR_CNTRCT_CD_Q23K
1218,MBR_CNTRCT_CD_Q2FY
1219,MBR_CNTRCT_CD_Q2GT
1220,MBR_CNTRCT_CD_Q2R3
1221,MBR_CNTRCT_CD_Q2RS
1222,MBR_CNTRCT_CD_Q2W5
1223,MBR_CNTRCT_CD_Q2XU
1224,MBR_CNTRCT_CD_Q2Y7
1225,MBR_CNTRCT_CD_Q2YM
1226,MBR_CNTRCT_CD_Q2YR
1227,MBR_CNTRCT_CD_Q2Z7
1228,MBR_CNTRCT_CD_Q2ZF
1229,MBR_CNTRCT_CD_Q32N
1230,MBR_CNTRCT_CD_Q32Q
1231,MBR_CNTRCT_CD_Q33B
1232,MBR_CNTRCT_CD_Q33K
1233,MBR_CNTRCT_CD_Q34T
1234,MBR_CNTRCT_CD_Q34Y
1235,MBR_CNTRCT_CD_Q34Z
1236,MBR_CNTRCT_CD_Q39D
1237,MBR_CNTRCT_CD_Q39R
1238,MBR_CNTRCT_CD_Q39Z
1239,MBR_CNTRCT_CD_Q3A1
1240,MBR_CNTRCT_CD_Q3A3
1241,MBR_CNTRCT_CD_Q3F6
1242,MBR_CNTRCT_CD_Q3F9
1243,MBR_CNTRCT_CD_Q3FP
1244,MBR_CNTRCT_CD_Q3FQ
1245,MBR_CNTRCT_CD_Q3P5
1246,MBR_CNTRCT_CD_Q3P9
1247,MBR_CNTRCT_CD_Q3Q5
1248,MBR_CNTRCT_CD_Q3QD
1249,MBR_CNTRCT_CD_Q3QG
1250,MBR_CNTRCT_CD_Q3QJ
1251,MBR_CNTRCT_CD_Q3QL
1252,MBR_CNTRCT_CD_Q3SA
1253,MBR_CNTRCT_CD_Q3SD
1254,MBR_CNTRCT_CD_Q3T3
1255,MBR_CNTRCT_CD_Q3TB
1256,MBR_CNTRCT_CD_Q3TE
1257,MBR_CNTRCT_CD_Q3TZ
1258,MBR_CNTRCT_CD_Q3U0
1259,MBR_CNTRCT_CD_Q4C8
1260,MBR_CNTRCT_CD_Q4DX
1261,MBR_CNTRCT_CD_Q4EB
1262,MBR_CNTRCT_CD_Q4JV
1263,MBR_CNTRCT_CD_Q5L1
1264,MBR_CNTRCT_CD_Q5LE
1265,MBR_CNTRCT_CD_Q5LL
1266,MBR_CNTRCT_CD_Q5M3
1267,MBR_CNTRCT_CD_Q6BK
1268,MBR_CNTRCT_CD_Q6D8
1269,MBR_CNTRCT_CD_Q6F0
1270,MBR_CNTRCT_CD_Q6GJ
1271,MBR_CNTRCT_CD_Q6H5
1272,MBR_CNTRCT_CD_Q6HF
1273,MBR_CNTRCT_CD_Q6SY
1274,MBR_CNTRCT_CD_Q6UQ
1275,MBR_CNTRCT_CD_Q6VG
1276,MBR_CNTRCT_CD_Q6VS
1277,MBR_CNTRCT_CD_Q6XN
1278,MBR_CNTRCT_CD_Q6ZQ
1279,MBR_CNTRCT_CD_Q70A
1280,MBR_CNTRCT_CD_Q71F
1281,MBR_CNTRCT_CD_Q71P
1282,MBR_CNTRCT_CD_Q73J
1283,MBR_CNTRCT_CD_Q79F
1284,MBR_CNTRCT_CD_Q7CF
1285,MBR_CNTRCT_CD_Q7DD
1286,MBR_CNTRCT_CD_Q7DK
1287,MBR_CNTRCT_CD_Q7DW
1288,MBR_CNTRCT_CD_Q7E4
1289,MBR_CNTRCT_CD_Q7EL
1290,MBR_CNTRCT_CD_Q7ES
1291,MBR_CNTRCT_CD_Q7HR
1292,MBR_CNTRCT_CD_Q7K5
1293,MBR_CNTRCT_CD_Q7K6
1294,MBR_CNTRCT_CD_Q7KF
1295,MBR_CNTRCT_CD_Q7KR
1296,MBR_CNTRCT_CD_Q7L2
1297,MBR_CNTRCT_CD_Q7PQ
1298,MBR_CNTRCT_CD_Q7PY
1299,MBR_CNTRCT_CD_Q7QR
1300,MBR_CNTRCT_CD_Q7X8
1301,MBR_CNTRCT_CD_Q82Z
1302,MBR_CNTRCT_CD_Q83U
1303,MBR_CNTRCT_CD_Q84Q
1304,MBR_CNTRCT_CD_Q86T
1305,MBR_CNTRCT_CD_Q86U
1306,MBR_CNTRCT_CD_Q88A
1307,MBR_CNTRCT_CD_Q88T
1308,MBR_CNTRCT_CD_Q89G
1309,MBR_CNTRCT_CD_Q8C8
1310,MBR_CNTRCT_CD_Q8CB
1311,MBR_CNTRCT_CD_Q8CG
1312,MBR_CNTRCT_CD_Q8DL
1313,MBR_CNTRCT_CD_Q8DM
1314,MBR_CNTRCT_CD_Q8DZ
1315,MBR_CNTRCT_CD_Q8EP
1316,MBR_CNTRCT_CD_Q8EQ
1317,MBR_CNTRCT_CD_Q8EU
1318,MBR_CNTRCT_CD_Q8LA
1319,MBR_CNTRCT_CD_Q8LC
1320,MBR_CNTRCT_CD_Q8LS
1321,MBR_CNTRCT_CD_Q8M4
1322,MBR_CNTRCT_CD_Q8N3
1323,MBR_CNTRCT_CD_Q8ND
1324,MBR_CNTRCT_CD_Q8NY
1325,MBR_CNTRCT_CD_Q8PB
1326,MBR_CNTRCT_CD_Q8PT
1327,MBR_CNTRCT_CD_Q8QS
1328,MBR_CNTRCT_CD_Q8QZ
1329,MBR_CNTRCT_CD_Q8R8
1330,MBR_CNTRCT_CD_Q8RV
1331,MBR_CNTRCT_CD_Q8S4
1332,MBR_CNTRCT_CD_Q8S5
1333,MBR_CNTRCT_CD_Q8S8
1334,MBR_CNTRCT_CD_Q8SJ
1335,MBR_CNTRCT_CD_Q8SS
1336,MBR_CNTRCT_CD_Q8ST
1337,MBR_CNTRCT_CD_Q8SZ
1338,MBR_CNTRCT_CD_Q8U5
1339,MBR_CNTRCT_CD_Q8WL
1340,MBR_CNTRCT_CD_Q8WY
1341,MBR_CNTRCT_CD_Q8XW
1342,MBR_CNTRCT_CD_Q8Y1
1343,MBR_CNTRCT_CD_Q9DN
1344,MBR_CNTRCT_CD_R418
1345,MBR_CNTRCT_CD_R420
1346,MBR_CNTRCT_CD_T160
1347,MBR_CNTRCT_CD_U216
1348,MBR_CNTRCT_CD_Z128
1349,MBR_CNTRCT_CD_Z130
1350,MBR_CNTRCT_CD_Z131
1351,MBR_CNTRCT_CD_Z132
1352,MBR_CNTRCT_CD_Z154
1353,MBR_CNTRCT_CD_Z155
1354,MBR_CNTRCT_CD_Z156
1355,MBR_CNTRCT_CD_Z158
1356,MBR_CNTRCT_CD_Z161
1357,MBR_CNTRCT_CD_Z164
1358,MBR_CNTRCT_CD_Z166
1359,MBR_CNTRCT_CD_Z1Y0
1360,MBR_CNTRCT_CD_Z4WL
1361,MBR_CNTRCT_CD_Z5WC
1362,TOS_TYPE_CD_AMB
1363,TOS_TYPE_CD_ANC
1364,TOS_TYPE_CD_CHE
1365,TOS_TYPE_CD_CON
1366,TOS_TYPE_CD_DEN
1367,TOS_TYPE_CD_DME
1368,TOS_TYPE_CD_DXL
1369,TOS_TYPE_CD_ERP
1370,TOS_TYPE_CD_HHC
1371,TOS_TYPE_CD_HSP
1372,TOS_TYPE_CD_MWH
1373,TOS_TYPE_CD_OPH
1374,TOS_TYPE_CD_PAN
1375,TOS_TYPE_CD_PAS
1376,TOS_TYPE_CD_PHO
1377,TOS_TYPE_CD_PHT
1378,TOS_TYPE_CD_PRV
1379,TOS_TYPE_CD_PSY
1380,TOS_TYPE_CD_RAB
1381,TOS_TYPE_CD_RAD
1382,TOS_TYPE_CD_SNF
1383,TOS_TYPE_CD_SPC
1384,TOS_TYPE_CD_SPT
1385,TOS_TYPE_CD_SRG
1386,TOS_TYPE_CD_SUP
1387,TOS_TYPE_CD_VIS
1388,PROC_SRVC_CLS_007
1389,PROC_SRVC_CLS_01A
1390,PROC_SRVC_CLS_01B
1391,PROC_SRVC_CLS_01C
1392,PROC_SRVC_CLS_01D
1393,PROC_SRVC_CLS_01F
1394,PROC_SRVC_CLS_01G
1395,PROC_SRVC_CLS_01H
1396,PROC_SRVC_CLS_01J
1397,PROC_SRVC_CLS_03A
1398,PROC_SRVC_CLS_03B
1399,PROC_SRVC_CLS_04A
1400,PROC_SRVC_CLS_04B
1401,PROC_SRVC_CLS_05A
1402,PROC_SRVC_CLS_06A
1403,PROC_SRVC_CLS_07D
1404,PROC_SRVC_CLS_07V
1405,PROC_SRVC_CLS_07Z
1406,PROC_SRVC_CLS_08A
1407,PROC_SRVC_CLS_08B
1408,PROC_SRVC_CLS_08C
1409,PROC_SRVC_CLS_08E
1410,PROC_SRVC_CLS_08G
1411,PROC_SRVC_CLS_08I
1412,PROC_SRVC_CLS_11A
1413,PROC_SRVC_CLS_12A
1414,PROC_SRVC_CLS_13A
1415,PROC_SRVC_CLS_13B
1416,PROC_SRVC_CLS_14
1417,PROC_SRVC_CLS_14A
1418,PROC_SRVC_CLS_14B
1419,PROC_SRVC_CLS_14C
1420,PROC_SRVC_CLS_14G
1421,PROC_SRVC_CLS_15F
1422,PROC_SRVC_CLS_15T
1423,PROC_SRVC_CLS_16A
1424,PROC_SRVC_CLS_16B
1425,PROC_SRVC_CLS_17
1426,PROC_SRVC_CLS_17A
1427,PROC_SRVC_CLS_17E
1428,PROC_SRVC_CLS_17F
1429,PROC_SRVC_CLS_17H
1430,PROC_SRVC_CLS_17K
1431,PROC_SRVC_CLS_17L
1432,PROC_SRVC_CLS_17P
1433,PROC_SRVC_CLS_17R
1434,PROC_SRVC_CLS_17U
1435,PROC_SRVC_CLS_17X
1436,PROC_SRVC_CLS_18A
1437,PROC_SRVC_CLS_18C
1438,PROC_SRVC_CLS_18E
1439,PROC_SRVC_CLS_18F
1440,PROC_SRVC_CLS_18I
1441,PROC_SRVC_CLS_19A
1442,PROC_SRVC_CLS_20A
1443,PROC_SRVC_CLS_20C
1444,PROC_SRVC_CLS_20D
1445,PROC_SRVC_CLS_20E
1446,PROC_SRVC_CLS_20G
1447,PROC_SRVC_CLS_20H
1448,PROC_SRVC_CLS_20I
1449,PROC_SRVC_CLS_24
1450,PROC_SRVC_CLS_29A
1451,PROC_SRVC_CLS_30A
1452,PROC_SRVC_CLS_30M
1453,PROC_SRVC_CLS_32A
1454,PROC_SRVC_CLS_34
1455,PROC_SRVC_CLS_34B
1456,PROC_SRVC_CLS_34D
1457,PROC_SRVC_CLS_34M
1458,PROC_SRVC_CLS_35
1459,PROC_SRVC_CLS_35B
1460,PROC_SRVC_CLS_35M
1461,PROC_SRVC_CLS_36H
1462,PROC_SRVC_CLS_36J
1463,PROC_SRVC_CLS_36K
1464,PROC_SRVC_CLS_37A
1465,PROC_SRVC_CLS_37E
1466,PROC_SRVC_CLS_37F
1467,PROC_SRVC_CLS_39
1468,PROC_SRVC_CLS_40
1469,PROC_SRVC_CLS_41
1470,PROC_SRVC_CLS_42
1471,PROC_SRVC_CLS_43
1472,PROC_SRVC_CLS_44
1473,PROC_SRVC_CLS_46
1474,PROC_SRVC_CLS_47C
1475,PROC_SRVC_CLS_48
1476,PROC_SRVC_CLS_4HI
1477,PROC_SRVC_CLS_50
1478,PROC_SRVC_CLS_502
1479,PROC_SRVC_CLS_504
1480,PROC_SRVC_CLS_505
1481,PROC_SRVC_CLS_50A
1482,PROC_SRVC_CLS_50B
1483,PROC_SRVC_CLS_50D
1484,PROC_SRVC_CLS_50E
1485,PROC_SRVC_CLS_50F
1486,PROC_SRVC_CLS_51
1487,PROC_SRVC_CLS_51X
1488,PROC_SRVC_CLS_521
1489,PROC_SRVC_CLS_522
1490,PROC_SRVC_CLS_528
1491,PROC_SRVC_CLS_529
1492,PROC_SRVC_CLS_52D
1493,PROC_SRVC_CLS_52E
1494,PROC_SRVC_CLS_52F
1495,PROC_SRVC_CLS_52G
1496,PROC_SRVC_CLS_52J
1497,PROC_SRVC_CLS_52K
1498,PROC_SRVC_CLS_52L
1499,PROC_SRVC_CLS_52M
1500,PROC_SRVC_CLS_52N
1501,PROC_SRVC_CLS_52O
1502,PROC_SRVC_CLS_52R
1503,PROC_SRVC_CLS_52T
1504,PROC_SRVC_CLS_52W
1505,PROC_SRVC_CLS_52Z
1506,PROC_SRVC_CLS_53A
1507,PROC_SRVC_CLS_55A
1508,PROC_SRVC_CLS_56B
1509,PROC_SRVC_CLS_56C
1510,PROC_SRVC_CLS_57B
1511,PROC_SRVC_CLS_58
1512,PROC_SRVC_CLS_99R
1513,PROC_SRVC_CLS_99S
1514,PROC_SRVC_CLS_99Z
1515,PROC_SRVC_CLS_BD3
1516,PROC_SRVC_CLS_BD4
1517,PROC_SRVC_CLS_BD5
1518,PROC_SRVC_CLS_CT1
1519,PROC_SRVC_CLS_GA1
1520,PROC_SRVC_CLS_HIT
1521,PROC_SRVC_CLS_MP3
1522,PROC_SRVC_CLS_MP5
1523,PROC_SRVC_CLS_NHR
1524,PROC_SRVC_CLS_NY1
1525,PROC_SRVC_CLS_NY3
1526,PROC_SRVC_CLS_SU1
1527,PROC_SRVC_CLS_SU5
1528,PROC_SRVC_CLS_VA1
1529,PROC_SRVC_CLS_VA6
1530,ERR_CD_008
1531,ERR_CD_01
1532,ERR_CD_11
1533,ERR_CD_116
1534,ERR_CD_130
1535,ERR_CD_182
1536,ERR_CD_196
1537,ERR_CD_228
1538,ERR_CD_230
1539,ERR_CD_30B
1540,ERR_CD_32
1541,ERR_CD_334
1542,ERR_CD_379
1543,ERR_CD_4K
1544,ERR_CD_560
1545,ERR_CD_569
1546,ERR_CD_5J
1547,ERR_CD_617
1548,ERR_CD_636
1549,ERR_CD_637
1550,ERR_CD_649
1551,ERR_CD_675
1552,ERR_CD_6P
1553,ERR_CD_6T
1554,ERR_CD_7C
1555,ERR_CD_809
1556,ERR_CD_812
1557,ERR_CD_83
1558,ERR_CD_831
1559,ERR_CD_844
1560,ERR_CD_846
1561,ERR_CD_847
1562,ERR_CD_849
1563,ERR_CD_882
1564,ERR_CD_883
1565,ERR_CD_897
1566,ERR_CD_907
1567,ERR_CD_9E
1568,ERR_CD_A24
1569,ERR_CD_A72
1570,ERR_CD_ADC
1571,ERR_CD_ADJ
1572,ERR_CD_AHN
1573,ERR_CD_ALX
1574,ERR_CD_ATM
1575,ERR_CD_BCK
1576,ERR_CD_BLK
1577,ERR_CD_BNB
1578,ERR_CD_BNR
1579,ERR_CD_CAP
1580,ERR_CD_CL1
1581,ERR_CD_CPP
1582,ERR_CD_CPY
1583,ERR_CD_CQ
1584,ERR_CD_CXG
1585,ERR_CD_CXL
1586,ERR_CD_CXT
1587,ERR_CD_D1
1588,ERR_CD_D5
1589,ERR_CD_DF
1590,ERR_CD_DI
1591,ERR_CD_DIS
1592,ERR_CD_DJ
1593,ERR_CD_DMM
1594,ERR_CD_DNR
1595,ERR_CD_DO
1596,ERR_CD_DP2
1597,ERR_CD_DPM
1598,ERR_CD_DPT
1599,ERR_CD_DX
1600,ERR_CD_ECM
1601,ERR_CD_EI
1602,ERR_CD_EN1
1603,ERR_CD_EN5
1604,ERR_CD_ER2
1605,ERR_CD_ERC
1606,ERR_CD_ERS
1607,ERR_CD_F8
1608,ERR_CD_FMP
1609,ERR_CD_FP
1610,ERR_CD_G17
1611,ERR_CD_G24
1612,ERR_CD_GHT
1613,ERR_CD_GP1
1614,ERR_CD_GU1
1615,ERR_CD_HBP
1616,ERR_CD_HDC
1617,ERR_CD_HDE
1618,ERR_CD_HIT
1619,ERR_CD_HP
1620,ERR_CD_HP1
1621,ERR_CD_HPD
1622,ERR_CD_HS1
1623,ERR_CD_I5
1624,ERR_CD_IA1
1625,ERR_CD_IAF
1626,ERR_CD_IHT
1627,ERR_CD_INN
1628,ERR_CD_INT
1629,ERR_CD_IPP
1630,ERR_CD_IRW
1631,ERR_CD_JM
1632,ERR_CD_LNO
1633,ERR_CD_LUM
1634,ERR_CD_MCO
1635,ERR_CD_MJ
1636,ERR_CD_ML
1637,ERR_CD_MMS
1638,ERR_CD_MN
1639,ERR_CD_MNP
1640,ERR_CD_MO
1641,ERR_CD_MOD
1642,ERR_CD_MU
1643,ERR_CD_NCN
1644,ERR_CD_NCX
1645,ERR_CD_NCZ
1646,ERR_CD_NIP
1647,ERR_CD_NM
1648,ERR_CD_NRJ
1649,ERR_CD_OC1
1650,ERR_CD_OC2
1651,ERR_CD_OCP
1652,ERR_CD_OEC
1653,ERR_CD_OND
1654,ERR_CD_OVR
1655,ERR_CD_P30
1656,ERR_CD_PA
1657,ERR_CD_PAM
1658,ERR_CD_PBE
1659,ERR_CD_PC
1660,ERR_CD_PCD
1661,ERR_CD_PDB
1662,ERR_CD_PDS
1663,ERR_CD_PHL
1664,ERR_CD_PNG
1665,ERR_CD_PR
1666,ERR_CD_PRV
1667,ERR_CD_PTG
1668,ERR_CD_PWL
1669,ERR_CD_PYP
1670,ERR_CD_Q0
1671,ERR_CD_Q1
1672,ERR_CD_Q5
1673,ERR_CD_Q7
1674,ERR_CD_QT1
1675,ERR_CD_RB1
1676,ERR_CD_RC
1677,ERR_CD_RCT
1678,ERR_CD_REL
1679,ERR_CD_RM
1680,ERR_CD_RNB
1681,ERR_CD_RNI
1682,ERR_CD_RNO
1683,ERR_CD_RTP
1684,ERR_CD_S6
1685,ERR_CD_S7
1686,ERR_CD_SCD
1687,ERR_CD_SEB
1688,ERR_CD_SEQ
1689,ERR_CD_SF
1690,ERR_CD_SH
1691,ERR_CD_SIM
1692,ERR_CD_SUT
1693,ERR_CD_TIO
1694,ERR_CD_TR1
1695,ERR_CD_TR6
1696,ERR_CD_UF
1697,ERR_CD_UMG
1698,ERR_CD_UMM
1699,ERR_CD_UZ
1700,ERR_CD_VAU
1701,ERR_CD_VST
1702,ERR_CD_WGP
1703,ERR_CD_WY
1704,ERR_CD_XB
1705,ERR_CD_XD
1706,ERR_CD_XE
1707,ERR_CD_XN
1708,ERR_CD_Y2
1709,ERR_CD_YG
1710,ERR_CD_YK
1711,ERR_CD_YL
1712,ERR_CD_YZ
1713,ERR_CD_Z4
1714,ERR_CD_ZC
1715,ERR_CD_ZG
1716,ERR_CD_ZH
1717,ERR_CD_ZLC
1718,ERR_CD_ZM
1719,ERR_CD_ZV
1720,PRVDR_STATUS_NON-PAR
1721,PRVDR_STATUS_PAR
1722,CLAIM_TYPE_INPT
1723,CLAIM_TYPE_OUTPT
1724,CLAIM_TYPE_PROF
1725,CLAIM_TYPE_SN
1726,PROD_NTWK_FFS
1727,PROD_NTWK_HMO
1728,PROD_NTWK_POS
1729,PROD_NTWK_PPO
1730,Emergency
1731,Emergency_room
1732,ASC_claim
1733,proc_98
