FULL_MNGMNT_BU_CD,MBU_rollup,state_lob
KSZUSZ5XPR05N,Unicare - Unicare,Unicare
KSZUX1EXOF05M,Unicare - Unicare,Unicare
KSZUX1EXPB02M,Unicare - Unicare,Unicare
KSZUX1EXPB03S,Unicare - Unicare,Unicare
KSZUX1EXPB03Y,Unicare - Unicare,Unicare
KSZUX1EXPB05N,Unicare - Unicare,Unicare
KSZUX1EXPR05M,Unicare - Unicare,Unicare
KSZUZ1EXOF05M,Unicare - Unicare,Unicare
KSZUZ1EXPB02M,Unicare - Unicare,Unicare
KSZUZ1EXPB03S,Unicare - Unicare,Unicare
KSZUZ1EXPB03Y,Unicare - Unicare,Unicare
KSZUZ1EXPB05N,Unicare - Unicare,Unicare
KSZUZ1EXPR05M,Unicare - Unicare,Unicare
KSZZ111XOF04S,Unicare - Unicare,Unicare
KSZZ111XOF04Y,Unicare - Unicare,Unicare
KSZZ111XPB03N,Unicare - Unicare,Unicare
KSZZ111XPB05S,Unicare - Unicare,Unicare
KSZZ111XPB05Y,Unicare - Unicare,Unicare
KSZZ113XPB02M,Unicare - Unicare,Unicare
KSZZ113XPB03S,Unicare - Unicare,Unicare
KSZZ113XPB03Y,Unicare - Unicare,Unicare
KSZZ113XPB05N,Unicare - Unicare,Unicare
KSZZ113XPR04M,Unicare - Unicare,Unicare
KSZZ113XPR05S,Unicare - Unicare,Unicare
KSZZ113XPR05Y,Unicare - Unicare,Unicare
KSZZ114X,Unicare - Unicare,Unicare
KSZZ114XOF,Unicare - Unicare,Unicare
KSZZ114XOF02N,Unicare - Unicare,Unicare
KSZZ114XOF04N,Unicare - Unicare,Unicare
KSZZ114XOFN,Unicare - Unicare,Unicare
KSZZ114XOFY,Unicare - Unicare,Unicare
KSZZ114XPB02M,Unicare - Unicare,Unicare
KSZZ114XPB03M,Unicare - Unicare,Unicare
KSZZ114XPBN,Unicare - Unicare,Unicare
KSZZ114XPBY,Unicare - Unicare,Unicare
KSZZ114XPR03S,Unicare - Unicare,Unicare
KSZZ114XPR03Y,Unicare - Unicare,Unicare
KSZZ114XPR04N,Unicare - Unicare,Unicare
KSZZ114XPR05M,Unicare - Unicare,Unicare
KSZZ115XPB02M,Unicare - Unicare,Unicare
KSZZ115XPB03S,Unicare - Unicare,Unicare
KSZZ115XPB03Y,Unicare - Unicare,Unicare
KSZZ115XPB05N,Unicare - Unicare,Unicare
KSZZ115XPR04M,Unicare - Unicare,Unicare
KSZZ115XPR05S,Unicare - Unicare,Unicare
KSZZ115XPR05Y,Unicare - Unicare,Unicare
KSZZ117XPB02M,Unicare - Unicare,Unicare
KSZZ117XPB03S,Unicare - Unicare,Unicare
KSZZ117XPB03Y,Unicare - Unicare,Unicare
KSZZ117XPB05N,Unicare - Unicare,Unicare
KSZZ117XPR04M,Unicare - Unicare,Unicare
KSZZ117XPR05S,Unicare - Unicare,Unicare
KSZZ117XPR05Y,Unicare - Unicare,Unicare
KSZZ11MXOF02N,Unicare - Unicare,Unicare
KSZZ11MXOF04N,Unicare - Unicare,Unicare
KSZZ11MXPB02M,Unicare - Unicare,Unicare
KSZZ11MXPB03M,Unicare - Unicare,Unicare
KSZZ11MXPR03S,Unicare - Unicare,Unicare
KSZZ11MXPR03Y,Unicare - Unicare,Unicare
KSZZ11MXPR04N,Unicare - Unicare,Unicare
KSZZ11MXPR05M,Unicare - Unicare,Unicare
KSZZ123X,Specialty - Unicare,Unicare
KSZZ123XOF,Specialty - Unicare,Unicare
KSZZ123XOF02S,Specialty - Unicare,Unicare
KSZZ123XOF02Y,Specialty - Unicare,Unicare
KSZZ123XOF03M,Specialty - Unicare,Unicare
KSZZ123XOF04N,Specialty - Unicare,Unicare
KSZZ123XOFN,Specialty - Unicare,Unicare
KSZZ123XOFY,Specialty - Unicare,Unicare
KSZZ123XPB01M,Specialty - Unicare,Unicare
KSZZ123XPB02S,Specialty - Unicare,Unicare
KSZZ123XPB02Y,Specialty - Unicare,Unicare
KSZZ123XPB03S,Specialty - Unicare,Unicare
KSZZ123XPB03Y,Specialty - Unicare,Unicare
KSZZ123XPB05M,Specialty - Unicare,Unicare
KSZZ123XPR02N,Specialty - Unicare,Unicare
KSZZ123XPR04M,Specialty - Unicare,Unicare
KSZZ125X,Specialty - Unicare,Unicare
KSZZ125XOF,Specialty - Unicare,Unicare
KSZZ125XOF02S,Specialty - Unicare,Unicare
KSZZ125XOF02Y,Specialty - Unicare,Unicare
KSZZ125XOF03M,Specialty - Unicare,Unicare
KSZZ125XOF04N,Specialty - Unicare,Unicare
KSZZ125XOFN,Specialty - Unicare,Unicare
KSZZ125XOFY,Specialty - Unicare,Unicare
KSZZ125XPB01M,Specialty - Unicare,Unicare
KSZZ125XPB02S,Specialty - Unicare,Unicare
KSZZ125XPB02Y,Specialty - Unicare,Unicare
KSZZ125XPB03S,Specialty - Unicare,Unicare
KSZZ125XPB03Y,Specialty - Unicare,Unicare
KSZZ125XPB05M,Specialty - Unicare,Unicare
KSZZ125XPR02N,Specialty - Unicare,Unicare
KSZZ125XPR04M,Specialty - Unicare,Unicare
KSZZ131XOF04S,Unicare - Unicare,Unicare
KSZZ131XOF04Y,Unicare - Unicare,Unicare
KSZZ131XPB03N,Unicare - Unicare,Unicare
KSZZ131XPB05S,Unicare - Unicare,Unicare
KSZZ131XPB05Y,Unicare - Unicare,Unicare
KSZZ133XPB02M,Unicare - Unicare,Unicare
KSZZ133XPB03S,Unicare - Unicare,Unicare
KSZZ133XPB03Y,Unicare - Unicare,Unicare
KSZZ133XPB05N,Unicare - Unicare,Unicare
KSZZ133XPR04M,Unicare - Unicare,Unicare
KSZZ133XPR05S,Unicare - Unicare,Unicare
KSZZ133XPR05Y,Unicare - Unicare,Unicare
KSZZ134X,Unicare - Unicare,Unicare
KSZZ15FXOF01N,Unicare - Unicare,Unicare
KSZZ15FXOF01S,Unicare - Unicare,Unicare
KSZZ15FXOF01Y,Unicare - Unicare,Unicare
KSZZ15FXOF03M,Unicare - Unicare,Unicare
KSZZ15FXOF04M,Unicare - Unicare,Unicare
KSZZ15FXPR03N,Unicare - Unicare,Unicare
KSZZ16JXPR,Specialty - Unicare,Unicare
KSZZ16JXPRN,Specialty - Unicare,Unicare
KSZZ16JXPRY,Specialty - Unicare,Unicare
KSZZ16TXPR,Specialty - Unicare,Unicare
KSZZ16TXPRN,Specialty - Unicare,Unicare
KSZZ16TXPRY,Specialty - Unicare,Unicare
KSZZ16ZXPR,Specialty - Unicare,Unicare
KSZZ16ZXPRN,Specialty - Unicare,Unicare
KSZZ16ZXPRY,Specialty - Unicare,Unicare
KSZZ173XPB02M,Unicare - Unicare,Unicare
KSZZ173XPB03S,Unicare - Unicare,Unicare
KSZZ173XPB03Y,Unicare - Unicare,Unicare
KSZZ173XPB05N,Unicare - Unicare,Unicare
KSZZ173XPR04M,Unicare - Unicare,Unicare
KSZZ173XPR05S,Unicare - Unicare,Unicare
KSZZ173XPR05Y,Unicare - Unicare,Unicare
KSZZ1A1XOF04S,Unicare - Unicare,Unicare
KSZZ1A1XOF04Y,Unicare - Unicare,Unicare
KSZZ1A1XPB03N,Unicare - Unicare,Unicare
KSZZ1A1XPB05S,Unicare - Unicare,Unicare
KSZZ1A1XPB05Y,Unicare - Unicare,Unicare
KSZZ1JFXPR,Unicare - Unicare,Unicare
KSZZ1JFXPRN,Unicare - Unicare,Unicare
KSZZ1JFXPRY,Unicare - Unicare,Unicare
KSZZ1KZXPR,Specialty - Unicare,Unicare
KSZZ1KZXPRN,Specialty - Unicare,Unicare
KSZZ1KZXPRY,Specialty - Unicare,Unicare
KSZZ1N1XOF04S,Unicare - Unicare,Unicare
KSZZ1N1XOF04Y,Unicare - Unicare,Unicare
KSZZ1N1XPB03N,Unicare - Unicare,Unicare
KSZZ1N1XPB05S,Unicare - Unicare,Unicare
KSZZ1N1XPB05Y,Unicare - Unicare,Unicare
KSZZ1N1XPR,Unicare - Unicare,Unicare
KSZZ1N1XPRN,Unicare - Unicare,Unicare
KSZZ1N1XPRY,Unicare - Unicare,Unicare
KSZZ1NZXOF04S,Unicare - Unicare,Unicare
KSZZ1NZXOF04Y,Unicare - Unicare,Unicare
KSZZ1NZXPB03N,Unicare - Unicare,Unicare
KSZZ1NZXPB05S,Unicare - Unicare,Unicare
KSZZ1NZXPB05Y,Unicare - Unicare,Unicare
KSZZ1NZXPR,Unicare - Unicare,Unicare
KSZZ1NZXPRN,Unicare - Unicare,Unicare
KSZZ1NZXPRY,Unicare - Unicare,Unicare
KSZZ1O1XOF04S,Unicare - Unicare,Unicare
KSZZ1O1XOF04Y,Unicare - Unicare,Unicare
KSZZ1O1XPB02N,Unicare - Unicare,Unicare
KSZZ1O1XPB04S,Unicare - Unicare,Unicare
KSZZ1O1XPB04Y,Unicare - Unicare,Unicare
KSZZ1O1XPB05N,Unicare - Unicare,Unicare
KSZZ1O1XPR01S,Unicare - Unicare,Unicare
KSZZ1O1XPR01Y,Unicare - Unicare,Unicare
KSZZ1O1XPR05M,Unicare - Unicare,Unicare
KSZZ1O3XPR03N,Unicare - Unicare,Unicare
KSZZ1O3XPR04S,Unicare - Unicare,Unicare
KSZZ1O3XPR04Y,Unicare - Unicare,Unicare
KSZZ1O4XOF02N,Unicare - Unicare,Unicare
KSZZ1O4XOF03N,Unicare - Unicare,Unicare
KSZZ1O4XOF04M,Unicare - Unicare,Unicare
KSZZ1O4XPB02N,Unicare - Unicare,Unicare
J2ZU35FXPR04M,Unicare - Unicare,Unicare
J2ZU3O1X,Unicare - Unicare,Unicare
J2ZU3O1XOF,Unicare - Unicare,Unicare
J2ZU3O1XOF01M,Unicare - Unicare,Unicare
J2ZU3O1XOFN,Unicare - Unicare,Unicare
J2ZU3O1XOFY,Unicare - Unicare,Unicare
J2ZU3O1XPB02N,Unicare - Unicare,Unicare
J2ZU3O1XPB05M,Unicare - Unicare,Unicare
J2ZU3O1XPR02N,Unicare - Unicare,Unicare
J2ZU3O3XOF02N,Unicare - Unicare,Unicare
J2ZU3O3XOF03S,Unicare - Unicare,Unicare
J2ZU3O3XOF03Y,Unicare - Unicare,Unicare
J2ZU3O3XOF04N,Unicare - Unicare,Unicare
J2ZU3O3XOF05M,Unicare - Unicare,Unicare
J2ZU3O3XPB01S,Unicare - Unicare,Unicare
J2ZU3O3XPB01Y,Unicare - Unicare,Unicare
J2ZU3O3XPB03S,Unicare - Unicare,Unicare
J2ZU3O3XPB03Y,Unicare - Unicare,Unicare
J2ZU3O3XPB05N,Unicare - Unicare,Unicare
J2ZU3O3XPR03M,Unicare - Unicare,Unicare
J2ZU3O7XOF02N,Unicare - Unicare,Unicare
J2ZU3O7XOF03S,Unicare - Unicare,Unicare
J2ZU3O7XOF03Y,Unicare - Unicare,Unicare
J2ZU3O7XOF04N,Unicare - Unicare,Unicare
J2ZU3O7XOF05M,Unicare - Unicare,Unicare
J2ZU3O7XPB01S,Unicare - Unicare,Unicare
J2ZU3O7XPB01Y,Unicare - Unicare,Unicare
J2ZU3O7XPB03S,Unicare - Unicare,Unicare
J2ZU3O7XPB03Y,Unicare - Unicare,Unicare
J2ZU3O7XPB05N,Unicare - Unicare,Unicare
J2ZU3O7XPR03M,Unicare - Unicare,Unicare
J2ZU3S3XPR,Unicare - Unicare,Unicare
J2ZU3S3XPRN,Unicare - Unicare,Unicare
J2ZU3S3XPRY,Unicare - Unicare,Unicare
J2ZU411XOF02N,Unicare - Unicare,Unicare
J2ZU411XPR01S,Unicare - Unicare,Unicare
J2ZU411XPR01Y,Unicare - Unicare,Unicare
J2ZU411XPR02M,Unicare - Unicare,Unicare
J2ZU411XPR02S,Unicare - Unicare,Unicare
J2ZU411XPR02Y,Unicare - Unicare,Unicare
J2ZU413XOF02M,Unicare - Unicare,Unicare
J2ZZ151XPR05M,Unicare - Unicare,Unicare
J2ZZ153X,Unicare - Unicare,Unicare
J2ZZ153XOF,Unicare - Unicare,Unicare
J2ZZ153XOF02M,Unicare - Unicare,Unicare
J2ZZ153XOF03M,Unicare - Unicare,Unicare
J2ZZ153XOF04M,Unicare - Unicare,Unicare
J2ZZ153XOFN,Unicare - Unicare,Unicare
J2ZZ153XOFY,Unicare - Unicare,Unicare
J2ZZ153XPB01N,Unicare - Unicare,Unicare
J2ZZ153XPB03N,Unicare - Unicare,Unicare
J2ZZ153XPB04M,Unicare - Unicare,Unicare
J2ZZ153XPR,Unicare - Unicare,Unicare
J2ZZ153XPRN,Unicare - Unicare,Unicare
J2ZZ153XPRY,Unicare - Unicare,Unicare
J2ZZ15FX,Unicare - Unicare,Unicare
J2ZZ15FXOF,Unicare - Unicare,Unicare
J2ZZ15FXOF02M,Unicare - Unicare,Unicare
J2ZZ15FXOF03M,Unicare - Unicare,Unicare
J2ZZ15FXOF04M,Unicare - Unicare,Unicare
J2ZZ15FXOFN,Unicare - Unicare,Unicare
J2ZZ15FXOFY,Unicare - Unicare,Unicare
J2ZZ15FXPB01N,Unicare - Unicare,Unicare
J2ZZ15FXPB03N,Unicare - Unicare,Unicare
J2ZZ15FXPB04M,Unicare - Unicare,Unicare
J2ZZ173XOF04M,Unicare - Unicare,Unicare
J2ZZ173XPB05M,Unicare - Unicare,Unicare
J2ZZ173XPR01M,Unicare - Unicare,Unicare
J2ZZ173XPR02S,Unicare - Unicare,Unicare
J2ZZ173XPR02Y,Unicare - Unicare,Unicare
J2ZZ1A1X,Unicare - Unicare,Unicare
J2ZZ1A1XOF,Unicare - Unicare,Unicare
J2ZZ1A1XOF02N,Unicare - Unicare,Unicare
J2ZZ1A1XOF02S,Unicare - Unicare,Unicare
J2ZZ1A1XOF02Y,Unicare - Unicare,Unicare
J2ZZ1A1XOF03S,Unicare - Unicare,Unicare
J2ZZ1A1XOF03Y,Unicare - Unicare,Unicare
J2ZZ1A1XOFN,Unicare - Unicare,Unicare
J2ZZ1A1XOFY,Unicare - Unicare,Unicare
J2ZZ1A1XPB01S,Unicare - Unicare,Unicare
J2ZZ1A1XPB01Y,Unicare - Unicare,Unicare
J2ZZ1A1XPB02S,Unicare - Unicare,Unicare
J2ZZ1A1XPB02Y,Unicare - Unicare,Unicare
J2ZZ1LJXPBN,Specialty - Unicare,Unicare
J2ZZ1LJXPBY,Specialty - Unicare,Unicare
J2ZZ1LSXPBN,Specialty - Unicare,Unicare
J2ZZ1LSXPBY,Specialty - Unicare,Unicare
J2ZZ1LYXPBN,Specialty - Unicare,Unicare
J2ZZ1LYXPBY,Specialty - Unicare,Unicare
J2ZZ1N1XOF02N,Unicare - Unicare,Unicare
J2ZZ1N1XOF02S,Unicare - Unicare,Unicare
J2ZZ1N1XOF02Y,Unicare - Unicare,Unicare
J2ZZ1N1XOF03S,Unicare - Unicare,Unicare
J2ZZ1N1XOF03Y,Unicare - Unicare,Unicare
J2ZZ1N1XPB01S,Unicare - Unicare,Unicare
J2ZZ1N1XPB01Y,Unicare - Unicare,Unicare
J2ZZ1N1XPB02S,Unicare - Unicare,Unicare
J2ZZ1N1XPB02Y,Unicare - Unicare,Unicare
J2ZZ1N1XPBN,Unicare - Unicare,Unicare
J2ZZ1N1XPBY,Unicare - Unicare,Unicare
J2ZZ1NZXOF02N,Unicare - Unicare,Unicare
J2ZZ1NZXOF02S,Unicare - Unicare,Unicare
J2ZZ1NZXOF02Y,Unicare - Unicare,Unicare
J2ZZ1NZXOF03S,Unicare - Unicare,Unicare
J2ZZ1NZXOF03Y,Unicare - Unicare,Unicare
J2ZZ1NZXPB01S,Unicare - Unicare,Unicare
J2ZZ1NZXPB01Y,Unicare - Unicare,Unicare
J2ZZ1NZXPB02S,Unicare - Unicare,Unicare
J2ZZ1NZXPB02Y,Unicare - Unicare,Unicare
J2ZZ1NZXPBN,Unicare - Unicare,Unicare
J2ZZ1NZXPBY,Unicare - Unicare,Unicare
J2ZZ1O1XOF03S,Unicare - Unicare,Unicare
J2ZZ1O1XOF03Y,Unicare - Unicare,Unicare
J2ZZ1O1XPB04N,Unicare - Unicare,Unicare
J2ZZ1O1XPBN,Unicare - Unicare,Unicare
J2ZZ1O1XPBY,Unicare - Unicare,Unicare
J2ZZ1O1XPR01S,Unicare - Unicare,Unicare
J2ZZ1O1XPR01Y,Unicare - Unicare,Unicare
J2ZZ1O1XPR05N,Unicare - Unicare,Unicare
J2ZZ1O1XPR05S,Unicare - Unicare,Unicare
J2ZZ1O1XPR05Y,Unicare - Unicare,Unicare
J2ZZ1O3XOF04M,Unicare - Unicare,Unicare
J2ZZ1O3XPB03S,Unicare - Unicare,Unicare
J2ZZ1O3XPB03Y,Unicare - Unicare,Unicare
J2ZZ1O3XPB04S,Unicare - Unicare,Unicare
J2ZZ1O3XPB04Y,Unicare - Unicare,Unicare
J2ZZ1O4XOF04S,Unicare - Unicare,Unicare
J2ZZ1O4XOF04Y,Unicare - Unicare,Unicare
J2ZZ1O4XOF05N,Unicare - Unicare,Unicare
J2ZZ1O4XPB05N,Unicare - Unicare,Unicare
J2ZZ1O7XOF04M,Unicare - Unicare,Unicare
J2ZZ1O7XPB03S,Unicare - Unicare,Unicare
J2ZZ1O7XPB03Y,Unicare - Unicare,Unicare
J2ZZ1O7XPB04S,Unicare - Unicare,Unicare
J2ZZ1O7XPB04Y,Unicare - Unicare,Unicare
J2ZZ1OMXPBN,Unicare - Unicare,Unicare
J2ZZ1OMXPBY,Unicare - Unicare,Unicare
J2ZZ1S3XPBN,Unicare - Unicare,Unicare
J2ZZ1S3XPBY,Unicare - Unicare,Unicare
J2ZZ1UZX,Unicare - Unicare,Unicare
J2ZZ1UZXOF,Unicare - Unicare,Unicare
J2ZZ1UZXOF01M,Unicare - Unicare,Unicare
J2ZZ1UZXOF01N,Unicare - Unicare,Unicare
J2ZZ1UZXOF01S,Unicare - Unicare,Unicare
J2ZZ1UZXOF01Y,Unicare - Unicare,Unicare
J2ZZ1UZXOF02M,Unicare - Unicare,Unicare
J2ZZ1UZXOF02N,Unicare - Unicare,Unicare
J2ZZ1UZXOF02S,Unicare - Unicare,Unicare
J2ZZ1UZXOF02Y,Unicare - Unicare,Unicare
J2ZZ1UZXOF03K,Unicare - Unicare,Unicare
J2ZZ1UZXOF03M,Unicare - Unicare,Unicare
J2ZZ1UZXOF03N,Unicare - Unicare,Unicare
J2ZZ1UZXOF03S,Unicare - Unicare,Unicare
J2ZZ1UZXOF03Y,Unicare - Unicare,Unicare
J2ZZ1UZXOF04M,Unicare - Unicare,Unicare
J2ZZ1UZXOF04N,Unicare - Unicare,Unicare
J2ZZ1UZXOF04S,Unicare - Unicare,Unicare
J2ZZ1UZXOF04Y,Unicare - Unicare,Unicare
J2ZZ1UZXOF05M,Unicare - Unicare,Unicare
J2ZZ1UZXOF05N,Unicare - Unicare,Unicare
J2ZZ1UZXOF05S,Unicare - Unicare,Unicare
J2ZZ1UZXOF05Y,Unicare - Unicare,Unicare
J2ZZ1UZXOFN,Unicare - Unicare,Unicare
J2ZZ1UZXOFY,Unicare - Unicare,Unicare
J2ZZ1UZXPB01M,Unicare - Unicare,Unicare
J2ZZ1UZXPB01N,Unicare - Unicare,Unicare
J2ZZ1UZXPB01S,Unicare - Unicare,Unicare
J2ZZ1UZXPB01Y,Unicare - Unicare,Unicare
J2ZZ1UZXPB02M,Unicare - Unicare,Unicare
J2ZZ1UZXPB02N,Unicare - Unicare,Unicare
J2ZZ1UZXPB02S,Unicare - Unicare,Unicare
J2ZZ1UZXPB02Y,Unicare - Unicare,Unicare
J2ZZ1UZXPB03K,Unicare - Unicare,Unicare
J2ZZ1UZXPB03M,Unicare - Unicare,Unicare
J2ZZ1UZXPB03N,Unicare - Unicare,Unicare
J2ZZ1UZXPB03S,Unicare - Unicare,Unicare
J2ZZ1UZXPB03Y,Unicare - Unicare,Unicare
J2ZZ1UZXPB04M,Unicare - Unicare,Unicare
J2ZZ1UZXPB04N,Unicare - Unicare,Unicare
J2ZZ1UZXPB04S,Unicare - Unicare,Unicare
J2ZZ1UZXPB04Y,Unicare - Unicare,Unicare
J2ZZ1UZXPB05M,Unicare - Unicare,Unicare
KSZUSZ5XPR04M,Unicare - Unicare,Unicare
KSZUX1EX,Unicare - Unicare,Unicare
KSZUX1EXOF,Unicare - Unicare,Unicare
KSZUX1EXOF02M,Unicare - Unicare,Unicare
KSZUX1EXOF02N,Unicare - Unicare,Unicare
KSZUX1EXOF03S,Unicare - Unicare,Unicare
KSZUX1EXOF03Y,Unicare - Unicare,Unicare
KSZUX1EXOF05S,Unicare - Unicare,Unicare
KSZUX1EXOF05Y,Unicare - Unicare,Unicare
KSZUX1EXOFN,Unicare - Unicare,Unicare
KSZUX1EXOFY,Unicare - Unicare,Unicare
KSZUX1EXPR,Unicare - Unicare,Unicare
KSZUX1EXPR02M,Unicare - Unicare,Unicare
KSZUX1EXPR02N,Unicare - Unicare,Unicare
KSZUX1EXPR03S,Unicare - Unicare,Unicare
KSZUX1EXPR03Y,Unicare - Unicare,Unicare
KSZUX1EXPR05S,Unicare - Unicare,Unicare
KSZUX1EXPR05Y,Unicare - Unicare,Unicare
KSZUX1EXPRN,Unicare - Unicare,Unicare
KSZUX1EXPRY,Unicare - Unicare,Unicare
KSZUZ1EX,Unicare - Unicare,Unicare
KSZUZ1EXOF,Unicare - Unicare,Unicare
KSZUZ1EXOF02M,Unicare - Unicare,Unicare
KSZUZ1EXOF02N,Unicare - Unicare,Unicare
KSZUZ1EXOF03S,Unicare - Unicare,Unicare
KSZUZ1EXOF03Y,Unicare - Unicare,Unicare
KSZUZ1EXOF05S,Unicare - Unicare,Unicare
KSZUZ1EXOF05Y,Unicare - Unicare,Unicare
KSZUZ1EXOFN,Unicare - Unicare,Unicare
KSZUZ1EXOFY,Unicare - Unicare,Unicare
KSZUZ1EXPR,Unicare - Unicare,Unicare
KSZUZ1EXPR02M,Unicare - Unicare,Unicare
KSZUZ1EXPR02N,Unicare - Unicare,Unicare
KSZUZ1EXPR03S,Unicare - Unicare,Unicare
KSZUZ1EXPR03Y,Unicare - Unicare,Unicare
KSZUZ1EXPR05S,Unicare - Unicare,Unicare
KSZUZ1EXPR05Y,Unicare - Unicare,Unicare
KSZUZ1EXPRN,Unicare - Unicare,Unicare
KSZUZ1EXPRY,Unicare - Unicare,Unicare
KSZUZLZX,Specialty - Unicare,Unicare
KSZUZLZXOF,Specialty - Unicare,Unicare
KSZUZLZXOFN,Specialty - Unicare,Unicare
KSZUZLZXOFY,Specialty - Unicare,Unicare
KSZUZLZXPR,Specialty - Unicare,Unicare
KSZUZLZXPRN,Specialty - Unicare,Unicare
KSZUZLZXPRY,Specialty - Unicare,Unicare
KSZZ111XOF03N,Unicare - Unicare,Unicare
KSZZ111XOF03S,Unicare - Unicare,Unicare
KSZZ111XOF03Y,Unicare - Unicare,Unicare
KSZZ111XPB01M,Unicare - Unicare,Unicare
KSZZ111XPB04N,Unicare - Unicare,Unicare
KSZZ111XPBN,Unicare - Unicare,Unicare
KSZZ111XPBY,Unicare - Unicare,Unicare
KSZZ111XPR01N,Unicare - Unicare,Unicare
KSZZ113XOF02M,Unicare - Unicare,Unicare
KSZZ113XOF04M,Unicare - Unicare,Unicare
KSZZ113XOF05S,Unicare - Unicare,Unicare
KSZZ113XOF05Y,Unicare - Unicare,Unicare
KSZZ114XOF02M,Unicare - Unicare,Unicare
KSZZ114XOF03S,Unicare - Unicare,Unicare
KSZZ114XOF03Y,Unicare - Unicare,Unicare
KSZZ114XOF04M,Unicare - Unicare,Unicare
KSZZ114XPR01S,Unicare - Unicare,Unicare
KSZZ114XPR01Y,Unicare - Unicare,Unicare
KSZZ115XOF02M,Unicare - Unicare,Unicare
KSZZ115XOF04M,Unicare - Unicare,Unicare
KSZZ115XOF05S,Unicare - Unicare,Unicare
KSZZ115XOF05Y,Unicare - Unicare,Unicare
KSZZ117XOF02M,Unicare - Unicare,Unicare
KSZZ117XOF04M,Unicare - Unicare,Unicare
KSZZ117XOF05S,Unicare - Unicare,Unicare
J2ZZ1UZXPB05N,Unicare - Unicare,Unicare
J2ZZ1UZXPB05S,Unicare - Unicare,Unicare
J2ZZ1UZXPB05Y,Unicare - Unicare,Unicare
J2ZZ1UZXPBN,Unicare - Unicare,Unicare
J2ZZ1UZXPBY,Unicare - Unicare,Unicare
J2ZZ211X,Unicare - Unicare,Unicare
J2ZZ211XOF,Unicare - Unicare,Unicare
J2ZZ211XOF03M,Unicare - Unicare,Unicare
J2ZZ211XOFN,Unicare - Unicare,Unicare
